movie_id,genre_id
5,16
13,5
13,14
13,17
18,1
18,15
28,8
28,17
33,18
62,8
62,13
62,15
62,16
66,13
66,16
68,15
75,1
75,5
75,15
75,17
76,8
76,14
78,10
78,15
85,1
85,2
89,1
89,2
105,5
105,15
114,5
114,14
137,5
137,14
149,2
149,3
149,15
149,16
152,1
152,2
152,15
168,1
168,2
168,15
172,1
172,2
172,15
173,2
173,4
173,9
173,15
174,1
174,2
174,15
184,6
184,8
193,1
193,2
193,15
199,1
199,2
199,15
207,8
218,1
218,15
218,16
223,14
223,16
235,2
235,5
235,8
239,5
239,6
240,1
240,6
240,8
251,5
251,14
251,16
261,8
268,1
268,2
268,6
268,8
278,8
279,8
279,13
280,1
280,15
280,16
284,5
284,8
288,18
289,8
289,14
289,17
306,1
306,5
311,6
311,8
311,16
319,1
319,6
319,14
329,1
329,2
329,15
330,1
330,2
330,15
330,16
348,1
348,11
348,15
348,16
364,1
364,2
364,5
364,6
377,11
389,8
408,3
408,4
408,12
409,8
409,14
409,17
414,1
414,2
414,5
414,6
415,1
415,2
415,6
424,8
424,17
433,4
433,5
433,12
451,8
451,14
468,8
500,6
500,16
510,8
522,5
522,8
524,8
539,11
539,14
539,16
549,8
562,1
562,16
563,1
563,2
563,15
563,17
568,1
568,8
568,16
576,18
577,5
577,8
578,1
578,11
579,1
579,11
581,2
581,8
581,18
595,8
597,1
597,8
597,14
601,4
601,8
601,9
601,15
607,1
607,2
607,5
607,15
617,6
617,8
617,13
617,16
621,5
621,12
621,14
627,8
628,8
628,11
639,5
639,14
642,1
642,5
642,18
664,1
664,2
664,16
680,6
680,8
686,8
686,15
687,8
694,11
702,8
703,5
703,14
710,1
710,2
710,16
712,5
712,14
713,8
713,14
714,1
714,14
714,16
744,1
744,14
754,1
754,15
754,16
755,1
755,5
755,6
755,11
755,16
756,3
756,4
756,12
765,1
765,2
765,5
765,11
769,6
769,8
770,8
770,14
770,17
771,4
771,5
783,8
788,5
790,11
792,8
792,17
794,11
795,14
807,6
807,16
816,5
819,6
819,8
826,8
826,17
854,5
854,6
854,9
862,3
862,4
862,5
864,5
888,4
888,5
947,2
947,17
954,1
954,2
954,13
978,8
978,17
1024,8
1024,9
1024,16
1103,1
1103,2
1103,15
1103,16
1245,8
1408,1
1408,2
1408,14
1412,8
1572,1
1572,16
1573,1
1573,16
1578,8
1585,8
1587,5
1587,8
1598,16
1624,5
1637,1
1637,14
1637,16
1639,1
1639,14
1639,16
1642,15
1642,16
1645,8
1669,1
1669,16
1701,1
1701,2
1701,16
1710,6
1710,8
1710,16
1770,8
1770,17
1813,6
1813,11
1813,13
1813,16
1891,1
1891,2
1891,8
1891,14
1891,15
1891,17
2074,5
2088,6
2088,16
2119,1
2119,14
2157,1
2157,15
2157,16
2255,8
2255,14
2292,5
2300,2
2300,3
2300,4
2300,5
2300,9
2320,1
2320,16
2493,1
2493,2
2493,5
2493,14
2636,1
2639,5
2639,8
2649,13
2649,16
2666,10
2666,15
2666,16
2756,1
2756,2
2756,15
2756,16
2895,8
2898,5
2898,8
2925,5
3034,5
3034,11
3049,5
3078,5
3080,5
3080,12
3080,14
3083,8
3179,3
3179,5
3512,1
3587,4
3587,8
3587,9
3595,8
3595,16
3597,11
3597,13
3597,16
4174,13
4174,14
4174,16
4232,11
4232,16
4233,11
4233,16
4421,1
4421,8
4421,17
4476,8
4476,14
4476,17
4476,18
4477,1
4477,8
4477,16
4477,17
4584,8
4584,14
4824,1
4824,16
5503,1
5503,16
5550,15
5550,16
6071,6
6071,8
6071,16
6116,5
6116,12
6217,11
6520,1
6520,2
6520,8
6520,14
6623,1
6623,16
6623,17
6950,1
6950,8
6950,16
7863,8
7863,14
8009,1
8009,2
8012,1
8012,5
8012,8
8068,1
8068,14
8068,16
8069,2
8069,15
8078,1
8078,11
8078,15
8197,5
8197,6
8197,8
8197,13
8291,8
8367,8
8413,1
8413,13
8413,15
8413,16
8587,3
8587,4
8587,12
8818,8
8818,12
8831,1
8831,15
8834,1
8834,13
8834,14
8834,16
8838,1
8838,8
8838,16
8839,2
8839,4
8840,1
8840,2
8840,9
8850,1
8854,1
8874,5
8874,14
8963,8
8963,16
8963,17
8984,8
8984,16
8987,1
8987,16
9067,1
9067,5
9067,12
9067,15
9087,5
9087,8
9087,14
9089,8
9089,14
9095,8
9095,16
9099,5
9100,8
9100,11
9208,1
9208,16
9268,1
9268,16
9271,15
9271,16
9273,5
9277,5
9277,6
9279,2
9279,4
9279,5
9281,8
9281,14
9281,16
9294,8
9294,14
9303,6
9303,8
9303,14
9303,16
9304,5
9306,15
9306,16
9311,1
9311,8
9311,16
9312,1
9312,2
9313,1
9313,8
9313,14
9327,5
9327,9
9327,14
9327,15
9331,1
9331,2
9331,16
9344,8
9348,15
9350,1
9350,2
9350,6
9360,1
9360,2
9360,16
9361,1
9361,14
9361,17
9366,6
9366,8
9390,8
9390,14
9400,1
9400,6
9414,5
9414,13
9416,1
9416,5
9427,5
9433,2
9433,16
9434,5
9434,6
9437,6
9437,8
9437,16
9440,8
9444,3
9444,4
9444,12
9457,1
9457,11
9457,15
9490,5
9495,1
9495,14
9495,16
9504,8
9516,1
9516,6
9516,8
9549,8
9566,16
9571,5
9574,4
9574,5
9574,9
9593,1
9593,5
9598,4
9598,5
9598,8
9603,5
9607,1
9607,2
9607,4
9607,15
9614,5
9619,1
9619,16
9623,8
9623,16
9625,1
9625,16
9665,1
9665,8
9665,17
9691,16
9716,5
9716,12
9716,14
9737,1
9746,8
9770,1
9770,8
9772,1
9772,16
9800,8
9802,1
9802,2
9802,16
9804,1
9804,2
9819,8
9823,1
9823,2
9826,2
9879,5
9879,6
9894,5
9922,8
10003,1
10003,14
10003,16
10061,1
10061,2
10061,15
10061,16
10153,2
10153,15
10153,16
10163,1
10163,15
10163,16
10215,8
10215,14
10217,8
10218,5
10218,8
10280,11
10280,16
10329,1
10329,2
10329,13
10329,15
10331,11
10331,15
10336,1
10336,2
10336,15
10336,16
10357,8
10357,16
10395,8
10395,11
10428,1
10428,6
10428,16
10436,8
10445,8
10445,14
10478,5
10478,14
10530,3
10530,4
10530,12
10530,14
10533,8
10534,2
10534,8
10537,8
10537,12
10545,3
10545,4
10545,12
10586,1
10586,2
10603,4
10603,5
10634,5
10684,8
10684,17
10705,8
10705,17
10765,5
10802,8
10806,5
10861,1
10861,2
10861,16
10871,16
10890,5
10895,3
10895,4
10987,11
10987,16
11015,11
11062,8
11062,16
11066,5
11066,14
11113,12
11113,14
11202,8
11202,17
11228,1
11228,2
11228,16
11229,6
11258,1
11258,16
11298,5
11298,11
11302,5
11302,17
11306,8
11306,16
11359,2
11359,4
11359,9
11363,5
11363,14
11382,5
11386,1
11386,8
11386,14
11386,17
11395,4
11395,5
11412,1
11412,16
11517,1
11543,5
11561,5
11561,15
11592,5
11592,6
11592,11
11667,1
11702,1
11702,16
11780,8
11780,14
11780,17
11827,1
11827,2
11827,3
11827,11
11827,15
11831,8
11858,5
11858,8
11858,17
11863,16
11934,5
11934,14
11967,1
11967,5
11967,18
11969,18
11971,5
11971,14
11975,8
11980,11
12123,1
12123,2
12123,16
12158,5
12158,14
12160,18
12498,8
12498,16
13685,5
13982,5
14275,7
14585,8
15121,12
15765,8
16052,8
16052,12
16388,5
16633,8
16633,14
17127,5
17127,14
17182,8
17182,16
17795,5
17834,4
17834,9
18550,1
18550,2
18975,2
18975,4
20156,8
20737,4
20737,5
21612,8
22479,6
22649,14
22649,17
23570,5
24662,3
24662,4
24662,12
24913,5
24913,11
25066,5
25066,11
25189,5
25189,14
26306,8
26352,1
26352,5
26748,8
26748,13
27322,14
28121,5
29461,8
31535,5
31908,8
34152,5
34314,16
34941,8
36355,2
36355,4
36955,1
36955,2
36955,5
36955,14
37165,8
37233,8
37233,16
38223,4
38223,5
42807,6
42807,8
47502,5
47889,8
49471,8
49478,1
49478,2
49478,4
49478,9
49963,14
55306,8
61337,5
61752,5
63020,5
63020,14
68924,8
87729,8
19995,1
19995,2
19995,9
19995,15
206647,1
206647,2
206647,6
49026,1
49026,6
49026,8
49026,16
49529,1
49529,2
49529,15
559,9
559,1
559,2
38757,3
38757,21
99861,1
99861,2
99861,15
767,2
767,9
767,21
209112,1
209112,2
209112,9
1452,2
1452,9
1452,1
1452,15
10764,2
10764,1
10764,16
10764,6
57201,1
57201,2
57201,18
49521,1
49521,2
49521,9
49521,15
2454,2
2454,21
2454,9
41154,1
41154,5
41154,15
122917,1
122917,2
122917,9
1930,1
1930,2
1930,9
20662,1
20662,2
57158,2
57158,9
2268,2
2268,9
254,2
254,8
254,1
597,16
271110,2
271110,1
271110,15
135397,1
135397,2
135397,15
135397,16
37724,1
37724,2
37724,16
558,1
558,2
558,9
12155,21
12155,9
12155,2
8373,15
8373,1
8373,2
91314,15
91314,1
91314,2
68728,9
68728,2
68728,21
102382,1
102382,2
102382,9
20526,2
20526,1
20526,15
44912,2
44912,1
44912,16
44912,15
10193,3
10193,21
10193,5
534,1
534,15
534,16
168259,1
72190,1
72190,8
72190,11
72190,15
72190,16
54138,1
54138,2
54138,15
81005,1
81005,21
81005,9
64682,8
64682,14
9543,2
9543,9
9543,1
9543,14
68726,1
68726,15
68726,2
38356,1
38356,15
38356,2
217,2
217,1
105864,2
105864,3
105864,21
62177,3
62177,2
62177,5
62177,21
62177,1
62177,9
188927,1
188927,2
188927,15
10681,3
10681,21
5174,1
5174,5
5174,6
5174,16
14161,1
14161,2
14161,15
17979,3
17979,8
76757,15
76757,9
76757,1
76757,2
258489,1
258489,2
411,2
411,21
411,9
155,8
155,1
155,6
155,16
14160,3
14160,5
14160,21
14160,2
15512,3
15512,21
15512,2
15512,15
44826,2
44826,8
44826,21
8487,1
8487,2
8487,5
8487,15
8487,18
1735,2
1735,1
1735,9
297761,1
297761,2
297761,6
297761,9
297761,15
2698,9
2698,5
2698,21
14869,2
14869,1
14869,16
14869,15
150540,8
150540,5
150540,3
150540,21
278927,21
278927,2
278927,8
278927,9
58595,2
58595,9
58595,8
102651,9
102651,2
102651,1
102651,21
102651,14
119450,15
119450,1
119450,8
119450,16
79698,1
79698,2
79698,15
79698,14
64686,8
64686,1
64686,2
64686,9
100402,1
100402,2
100402,15
10192,5
10192,2
10192,9
10192,3
10192,21
158852,2
158852,21
158852,13
158852,15
177572,2
177572,21
177572,3
177572,1
177572,5
82690,21
82690,3
82690,5
82690,2
5255,2
5255,3
5255,21
5255,9
47933,1
47933,2
47933,15
10191,9
10191,2
10191,3
10191,21
296,1
296,16
296,15
118340,1
118340,15
118340,2
157336,2
157336,8
157336,15
27205,1
27205,16
27205,15
27205,13
27205,2
49051,2
49051,9
49051,1
9799,1
9799,6
9799,16
4922,9
4922,8
4922,16
4922,13
4922,14
49538,1
49538,15
49538,2
131634,1
131634,2
131634,15
27022,9
27022,2
27022,1
27022,5
27022,8
503,2
503,1
503,8
503,16
241259,9
810,9
810,2
810,3
810,5
810,21
68735,1
68735,2
68735,9
87101,15
87101,1
87101,16
87101,2
10140,2
10140,21
10140,9
676,19
676,14
676,17
1966,17
1966,19
1966,1
1966,2
1966,8
1966,14
675,2
675,9
675,21
675,13
8960,9
8960,1
6479,8
6479,11
6479,1
6479,16
6479,15
118,2
118,5
118,21
118,9
2062,3
2062,5
2062,21
2062,9
272,1
272,6
272,8
10527,21
10527,3
18360,2
18360,9
18360,1
18360,5
18360,21
2080,2
2080,1
2080,16
2080,15
109445,3
109445,2
109445,21
76338,1
76338,2
76338,9
76341,1
76341,2
76341,15
76341,16
13448,16
13448,13
10195,2
10195,9
10195,1
13053,3
13053,21
13053,2
13053,5
19585,9
19585,1
19585,2
19585,21
19585,5
57165,2
62213,5
62213,9
177677,1
177677,2
177677,16
7978,8
7978,11
7978,16
5559,21
5559,3
5559,2
5559,5
49444,3
49444,21
10196,1
10196,2
10196,21
10196,9
956,2
956,1
956,16
117251,1
117251,8
117251,16
50321,2
50321,3
50321,21
11619,2
11619,3
11619,5
11619,21
266647,2
266647,21
266647,9
82703,3
82703,2
82703,21
652,2
652,8
652,17
80321,3
80321,21
36669,2
36669,1
36669,16
43074,1
43074,9
43074,5
95,1
95,16
95,15
95,2
608,1
608,2
608,5
608,15
2310,2
2310,1
2310,3
140300,1
140300,2
140300,3
140300,5
140300,21
56292,1
56292,16
56292,2
81188,9
81188,3
81188,21
7552,5
616,8
616,1
616,17
616,19
147441,2
147441,8
147441,1
13475,15
13475,1
13475,2
557,9
557,1
82702,9
82702,1
82702,2
82702,3
82702,5
82702,21
205584,9
10048,1
13183,1
13183,13
13183,15
944,1
944,2
944,5
944,6
944,16
72559,2
72559,1
72559,15
72559,16
7364,1
7364,2
7364,5
7364,8
7364,13
2114,2
2114,1
2114,3
2114,9
2114,15
2114,16
1771,1
1771,2
1771,15
36643,2
36643,1
36643,16
8619,2
50620,2
50620,9
50620,8
50620,14
65759,3
65759,5
65759,21
267935,2
267935,21
267935,9
281957,18
281957,8
281957,2
281957,16
77950,3
77950,21
44896,3
44896,5
44896,21
44896,18
44896,2
270946,21
270946,3
270946,2
270946,5
2503,1
2503,8
2503,13
2503,16
9502,2
9502,3
9502,21
9502,5
102899,15
102899,1
102899,2
101299,2
101299,1
101299,15
228161,9
228161,5
228161,3
228161,15
228161,21
74,2
74,16
74,15
8961,2
8961,1
8961,5
8961,16
8961,6
417859,1
417859,2
417859,3
417859,21
417859,9
27576,1
27576,13
27576,16
86834,8
86834,2
17578,2
17578,3
17578,13
673,2
673,9
673,21
6972,8
82700,15
82700,1
82700,2
10567,3
10567,21
181533,2
181533,5
181533,9
181533,21
38055,3
38055,1
38055,5
38055,21
38055,15
671,2
671,9
671,21
49524,9
49524,1
49524,5
49524,6
22,2
22,9
22,1
131631,15
131631,2
131631,16
591,16
591,13
172385,3
172385,2
172385,5
172385,21
51497,1
51497,16
51497,6
58574,2
58574,1
58574,6
58574,13
18823,2
18823,9
18823,1
861,1
861,2
861,15
1911,2
1911,9
1911,1
49040,1
49040,16
415,9
8871,21
8871,5
8871,9
435,1
435,2
435,15
435,16
955,2
955,1
955,16
1979,2
1979,9
1979,1
1979,16
87827,2
87827,8
87827,1
1250,16
1250,1
1250,9
1250,11
324668,1
324668,16
9471,1
9471,2
9471,5
70981,15
70981,2
70981,13
10996,21
10996,2
10996,3
10996,5
68724,15
68724,1
68724,8
68724,16
2789,1
2789,15
97020,1
97020,15
7459,1
7459,21
7459,15
42888,5
42888,8
42888,14
37834,1
37834,5
75612,1
75612,15
75612,2
75612,13
1895,15
1895,2
1895,1
1894,2
1894,1
1894,15
585,3
585,5
585,21
76170,1
76170,15
76170,2
76170,9
1893,2
1893,1
1893,15
49519,2
49519,3
49519,5
49519,21
49519,9
2395,9
2395,2
2395,5
2395,21
12100,8
12100,1
12100,19
12100,17
290595,1
290595,2
290595,8
98566,15
98566,1
98566,2
98566,9
98566,5
49047,15
49047,16
49047,8
9619,2
308531,9
308531,1
308531,2
308531,5
166424,1
166424,2
166424,15
1593,1
1593,2
1593,5
1593,21
1593,9
254128,1
254128,8
254128,16
714,2
2024,8
2024,19
2024,17
2024,1
163,16
163,6
787,1
787,5
787,8
787,16
2567,8
38745,5
40805,1
40805,6
40805,5
53182,1
53182,17
41513,3
41513,21
41513,2
41513,5
41513,9
13700,3
13700,21
39254,1
39254,15
39254,8
77931,9
77931,21
77931,5
77931,3
1639,2
80274,15
80274,1
80274,2
1571,1
1571,16
120,2
120,9
120,1
10204,1
10204,2
10204,5
8489,8
10588,5
10588,9
10588,21
2048,1
2048,15
1495,8
1495,1
1495,2
1495,19
1495,17
10137,3
10137,9
10137,21
10137,5
286217,8
286217,2
286217,15
1635,1
1635,16
1635,15
1635,2
24113,5
24113,14
9679,1
9679,6
9679,16
98,1
98,8
98,2
180,1
180,16
180,15
180,13
672,2
672,9
672,21
36557,2
36557,1
36557,16
869,16
869,15
869,1
869,2
11322,19
11322,6
11322,8
4982,8
4982,6
36955,16
18487,16
18487,8
18487,6
39451,5
39451,14
27581,1
27581,5
27581,6
9268,8
9268,13
68718,8
68718,18
10545,8
10545,21
11688,2
11688,3
11688,5
11688,21
11688,9
76163,1
76163,2
76163,16
2059,2
2059,1
2059,16
2059,13
2486,9
2486,1
2486,2
2486,21
16523,21
16523,9
116711,3
116711,2
116711,21
116711,9
37710,1
37710,16
37710,14
9946,1
9946,9
9946,11
9946,13
1372,8
1372,16
1372,1
106646,6
106646,8
106646,5
414,9
563,16
83542,8
83542,15
41216,3
41216,2
41216,21
41216,9
314,1
314,6
184315,1
184315,2
9016,2
9016,3
9016,21
9016,9
9016,15
18162,2
18162,5
18162,15
138103,1
138103,2
138103,16
257088,1
257088,6
257088,16
10214,9
10214,5
10214,21
10214,2
205775,16
205775,8
205775,2
205775,1
205775,19
11692,1
11692,5
11692,15
22972,17
22972,1
22972,2
22972,8
22972,16
227973,3
29193,6
29193,8
29193,13
29193,16
1734,2
1734,1
1734,9
3131,8
3131,19
3131,6
76758,8
76758,19
76758,17
9408,3
9408,5
9408,21
9890,1
9890,5
9890,15
77953,5
18,2
18,9
18,16
37786,5
37786,8
37786,14
10501,2
10501,3
10501,5
10501,21
57800,3
57800,5
57800,2
57800,21
7980,9
7980,8
12,3
12,21
122,2
122,9
122,1
121,2
121,9
121,1
68737,2
68737,9
1995,2
1995,9
1995,1
1995,16
157353,16
157353,15
157353,8
157353,13
331,2
331,1
331,16
331,15
61791,16
61791,1
61791,8
61791,15
8204,2
8204,21
8204,9
47964,1
47964,16
10733,18
10733,19
10733,17
9806,1
9806,2
9806,3
9806,21
32657,2
32657,9
32657,21
863,3
863,5
863,21
44048,1
44048,16
5175,1
5175,5
5175,6
5175,16
2655,8
2655,11
2655,13
2655,16
22794,3
22794,5
22794,21
8355,3
8355,5
8355,21
8355,2
116745,2
116745,5
116745,8
116745,9
4327,1
4327,2
4327,5
4327,6
4327,16
10674,3
10674,21
10674,2
7446,1
7446,5
65754,16
65754,6
65754,13
65754,8
10528,1
10528,2
10528,6
10528,13
271969,8
10865,3
10865,21
10865,2
10865,15
258509,2
258509,3
258509,5
258509,21
2253,8
2253,16
2253,19
2253,17
10661,5
10661,1
257344,1
257344,5
257344,15
644,8
644,15
644,2
10756,16
10756,9
10756,5
10756,21
10756,13
686,13
9383,1
9383,15
9383,16
179,6
179,16
76285,2
76285,21
76285,9
1996,1
1996,2
1996,9
1996,16
291805,1
291805,2
291805,5
291805,6
291805,13
291805,16
10003,15
10003,2
1535,1
1535,6
1535,16
2067,15
46195,3
46195,2
46195,5
46195,21
2277,5
2277,15
10357,15
10357,1
4477,6
8665,8
8665,19
8665,16
9387,2
9387,9
9387,1
921,14
921,8
921,19
49852,9
49852,1
49852,21
4464,8
4464,19
664,8
8358,2
8358,8
9836,3
9836,5
2502,1
2502,8
2502,16
161,16
161,6
52451,2
52451,1
52451,16
76492,3
76492,5
76492,21
76492,9
4523,5
4523,21
4523,9
4523,14
59961,1
59961,16
10481,5
10481,21
59108,1
59108,5
1581,5
1581,14
22897,5
22897,14
298,6
298,16
7484,2
7484,3
7484,21
853,17
10159,2
10159,1
10159,5
10159,16
9593,2
9593,9
9593,21
1904,8
1904,19
1904,14
9615,1
9615,6
9615,8
9615,16
51052,8
51052,3
51052,21
51052,5
297,9
297,8
297,13
9884,1
9884,16
9884,8
62764,2
62764,9
62764,8
62764,5
62764,15
62764,21
22538,1
22538,2
22538,5
9341,1
9341,16
9341,2
9341,15
12107,9
12107,5
12107,14
12107,15
9637,13
9637,2
9637,5
49049,1
49049,15
9339,5
9339,8
9339,9
9339,14
39691,5
39691,21
8247,2
8247,9
8247,15
11253,2
11253,9
11253,15
1949,6
1949,8
1949,13
1949,16
8452,15
310,9
310,5
27578,16
27578,2
27578,1
954,16
70160,15
70160,2
70160,9
45243,5
364,9
7518,5
7518,3
7518,21
11544,3
11544,21
9986,5
9986,21
9986,9
8656,1
8656,8
8656,14
146216,1
146216,5
146216,6
146216,16
9291,5
9291,8
55301,5
55301,9
55301,21
55301,20
55301,3
109418,5
11665,1
11665,5
11665,16
6964,8
6964,5
6964,14
11324,8
11324,16
11324,13
12193,5
12193,14
12193,8
9928,3
9928,5
9928,21
9928,15
754,6
10202,9
10202,5
10202,21
10202,14
4147,16
4147,6
4147,8
50546,14
50546,5
1701,6
13027,13
13027,16
13027,1
2289,8
20504,1
20504,16
20504,15
9574,21
9574,15
11618,11
11618,16
11618,9
11618,13
2300,8
2300,21
12096,1
12096,5
12096,6
12096,13
12096,21
10200,8
10200,15
10200,16
8834,8
228150,17
228150,8
228150,1
6068,1
6068,2
6068,5
6068,14
41515,5
41515,21
41515,3
41515,2
9023,18
9023,3
9023,2
9023,5
9023,21
38317,5
38317,14
38317,21
2157,2
2157,21
161795,14
161795,8
159824,3
159824,5
159824,21
49948,3
49948,21
49948,20
2135,15
2135,2
2135,1
9822,1
9822,2
9822,21
9822,9
9705,1
9705,6
9705,16
1656,1
1656,2
12159,8
12159,9
12159,14
9678,5
9678,9
9678,14
4442,2
4442,9
4442,1
4442,5
4442,16
75,9
330770,13
330770,8
330770,11
9433,1
9433,8
19959,1
19959,15
19959,16
11973,8
11973,16
77951,3
77951,21
77951,2
5491,1
5491,15
5491,17
10715,3
10715,5
10715,21
10197,8
10197,20
10197,14
9562,1
9562,2
9562,15
9922,2
9447,2
9447,5
9447,8
9447,21
9447,9
274854,9
274854,1
274854,2
8870,16
8870,1
8870,15
9992,2
9992,9
9992,3
9992,21
36970,7
36970,21
10077,16
10077,15
10077,2
10077,1
76649,1
76649,2
76649,19
76649,14
76649,8
293644,5
293644,3
453,8
453,14
8587,21
8587,8
72545,2
72545,1
72545,15
109451,3
109451,21
109451,5
9533,6
9533,16
9533,11
2023,18
2023,2
71880,5
584,1
584,6
584,16
309809,2
309809,3
309809,9
4858,15
4858,16
17711,1
17711,2
17711,3
17711,5
17711,21
328111,3
328111,21
8698,9
8698,1
8698,16
8698,15
93456,3
93456,5
93456,21
602,1
602,2
602,15
953,21
953,3
9693,8
9693,1
9693,16
9693,15
8909,1
8909,16
8909,6
950,3
950,21
950,5
950,2
1824,5
1824,14
2976,21
2976,5
2976,20
2976,14
11026,11
11026,13
11026,16
332,1
332,2
332,5
332,21
75656,16
75656,6
38365,5
594,5
594,8
15189,5
15189,21
11678,1
11678,2
11678,16
6538,5
6538,8
6538,19
10555,3
10555,1
10555,5
10555,21
4551,5
4551,6
612,8
612,1
612,19
612,16
9567,1
9567,8
9567,17
37821,1
37821,5
37821,16
37821,14
203801,5
203801,1
203801,2
2539,5
9297,3
9297,5
9297,21
9297,9
3172,1
3172,5
3172,6
3172,14
1439,8
1439,19
1439,14
37958,9
37958,1
37958,8
2026,13
2026,8
2026,16
2026,6
7450,3
7450,1
7450,15
7450,21
7450,2
11375,1
11375,2
11375,5
11375,16
9425,1
9425,17
9425,15
25769,1
25769,8
25769,11
25769,15
25769,16
23685,2
23685,9
23685,3
23685,1
23685,5
11866,1
11866,2
11866,8
11866,16
9741,15
9741,16
9741,8
211672,21
211672,3
211672,2
211672,5
23629,1
23629,9
23629,16
8688,6
8688,13
153518,21
153518,3
8676,14
8676,5
8676,2
20829,5
20829,8
4349,16
4349,1
4349,8
9718,5
10808,5
10808,21
10808,14
10808,9
197,1
197,8
197,19
197,17
25,8
25,17
35,3
35,5
35,21
11086,8
11086,14
10477,1
1997,2
1997,8
1997,21
6947,8
6947,13
6947,16
3050,5
3050,21
3050,9
2675,8
2675,16
2675,15
2675,13
809,2
809,3
809,5
809,21
809,9
920,3
920,2
920,5
920,21
4806,5
4806,14
7451,1
7451,2
7451,16
228165,3
228165,2
228165,5
228165,21
3595,1
879,2
879,9
879,5
879,21
9257,1
9257,16
9257,6
1903,8
1903,13
1903,14
1903,15
1903,16
9697,8
9697,16
9697,9
9697,13
395,2
395,15
395,1
23398,5
23398,21
23398,3
23398,9
23398,20
10590,1
10590,19
10590,17
117263,1
117263,16
200,15
200,1
200,2
200,16
44943,1
44943,15
587,2
587,9
587,8
10395,9
57212,8
57212,17
152760,17
152760,8
152760,19
152760,1
33909,8
33909,6
49017,11
49017,1
49017,8
49017,9
49017,17
9882,8
9882,1
9882,16
9882,6
2270,2
2270,9
2270,14
2270,21
978,2
978,19
44564,5
44564,8
3132,1
3132,2
3132,5
3132,16
8814,2
8814,1
8814,11
8427,1
8427,2
8427,5
8427,16
52520,9
52520,1
52520,11
80585,5
80585,8
80585,20
80585,14
10592,8
10592,17
49021,1
49021,2
49021,16
11535,1
11535,15
11535,16
10550,1
10550,2
10550,16
12610,2
12610,3
12610,1
12610,5
12610,21
59981,3
59981,20
59981,21
201088,6
201088,8
201088,13
5137,13
5137,1
5137,16
5137,15
5137,2
3093,6
3093,13
3093,16
107846,1
107846,16
188207,1
188207,2
4614,16
4614,1
4614,8
24021,2
24021,9
24021,8
24021,14
11371,1
11371,6
11371,16
20352,3
20352,21
11517,5
11517,6
214756,5
26428,2
26428,8
26428,19
9824,2
9824,9
9824,1
9824,5
9824,15
9008,8
9008,16
300673,1
300673,8
300673,19
300673,16
12113,1
12113,8
12113,16
38778,5
72331,1
72331,9
72331,11
846,13
846,15
846,16
9703,1
9703,2
9703,9
9703,17
857,8
857,19
857,17
136797,1
136797,6
136797,8
136797,16
3981,5
3981,14
425,3
425,5
425,21
425,2
6171,8
6171,11
6171,15
6171,16
72976,19
72976,8
9021,9
9021,5
9021,21
82695,8
82695,20
82695,14
9489,5
9489,14
12133,5
9342,1
9342,2
41733,5
41733,8
227306,8
227306,17
5551,1
5551,2
5551,16
9350,16
9208,2
9208,8
4244,9
4244,5
4244,21
1852,8
1852,19
1852,16
11820,8
11820,14
76493,5
345,13
345,8
256591,14
256591,5
256591,6
256591,8
59962,1
59962,5
59962,14
36648,15
36648,1
36648,11
36648,16
36648,2
36648,9
1880,1
1880,16
9440,5
71679,1
71679,11
71679,15
10483,1
10483,16
10483,15
11412,6
11412,13
11983,1
11983,2
11983,8
11983,14
11983,16
6795,21
6795,9
6795,15
6795,2
550,8
11170,8
9292,1
9292,2
9292,5
10783,1
10783,2
10783,5
10783,6
10783,14
10783,16
100241,11
100241,16
257,6
257,8
257,21
9947,1
9947,9
189,6
189,16
12618,8
12618,14
253412,2
253412,8
1427,6
1427,9
1427,8
818,5
818,6
818,15
16577,3
16577,1
16577,21
16577,15
12160,8
12160,1
9331,8
300168,1
300168,8
300168,2
9072,5
9072,6
3536,1
3536,8
3536,16
3536,17
12138,1
12138,2
12138,5
12138,16
12138,6
273248,6
273248,8
273248,13
273248,18
9955,1
9955,5
9955,8
50359,3
50359,5
50359,21
1271,1
1271,2
1271,17
693,5
693,14
14306,5
14306,21
11199,1
11199,2
11199,5
9982,3
9982,21
9982,5
210577,13
210577,16
210577,8
2501,1
2501,8
2501,13
2501,16
2275,6
2275,8
2275,13
2275,16
37165,5
9837,2
9837,3
9837,8
9837,21
9837,20
10708,5
10708,21
136400,1
136400,5
136400,6
10992,5
10992,21
9654,1
9654,6
2642,14
2642,5
8916,2
8916,3
8916,5
8916,21
19899,5
19899,14
2119,2
9641,5
294254,1
38167,8
5994,5
5994,8
5994,14
5994,9
39514,1
39514,2
39514,5
39514,6
39514,16
9563,8
547,8
547,14
1538,8
1538,6
1538,16
9334,1
9334,9
9334,2
11128,8
11128,1
11128,16
75780,6
75780,8
75780,16
13576,20
13576,7
39538,8
39538,16
39538,15
10628,5
10628,2
10628,6
14836,3
14836,21
8645,16
8645,15
10067,5
10067,21
9384,5
9384,6
9279,21
9422,8
77174,21
77174,3
77174,2
77174,5
4824,2
4824,6
9620,1
9620,2
9620,13
9620,15
9620,16
9302,8
9302,14
10199,2
10199,3
10199,21
10771,16
10771,1
10771,5
10771,15
3512,16
137094,1
137094,8
137094,16
274479,8
274479,5
267860,1
267860,6
267860,16
7485,1
7485,8
7485,13
7485,16
7485,6
170687,3
170687,5
170687,21
170687,9
6435,8
6435,9
6435,5
137106,2
137106,3
137106,5
137106,21
137106,9
10040,1
10040,5
6278,2
6278,1
6278,9
82682,6
82682,8
82682,1
82682,16
17610,5
17610,2
22954,8
22954,19
16995,1
16558,14
16558,5
16558,6
9849,5
9849,8
9849,21
9849,15
5820,1
5820,16
5820,6
16866,15
16866,3
16866,21
16866,5
16866,2
201,15
201,1
201,2
201,16
11775,6
11775,5
11775,14
87825,8
87825,14
12201,6
12201,8
12201,13
12201,16
11015,13
11015,16
9932,5
9932,6
13389,1
13389,6
13389,8
13389,16
8838,6
17332,8
4958,9
4958,8
786,8
786,20
9513,3
9513,5
9513,21
38321,1
38321,15
38321,9
38321,16
38321,11
14411,21
14411,3
14411,2
8413,11
10052,8
9676,8
9664,1
9664,2
9664,8
9664,19
9664,14
9664,17
2100,1
2100,8
2100,16
10384,11
10384,15
10384,16
137321,8
137321,9
137321,13
137321,14
123553,1
123553,2
123553,8
123553,13
123553,14
123553,9
11260,5
11260,15
11260,2
11260,21
9009,8
9009,11
9009,16
2309,2
2309,21
2309,9
8285,1
8285,5
8285,16
8285,6
8285,15
210860,5
210860,2
2312,2
2312,9
2312,1
2312,8
9839,8
9839,14
9839,2
9839,17
381902,1
381902,2
381902,9
9713,8
9713,5
257445,2
257445,11
257445,5
9007,5
9007,9
9007,14
889,15
889,5
889,21
889,14
1370,1
1370,2
1370,16
1370,17
4942,5
4942,14
4942,8
347969,5
347969,18
24438,5
116741,5
35791,1
35791,2
35791,11
35791,15
72431,8
72431,1
72431,2
72431,19
72431,17
1813,8
87428,5
10589,1
10589,5
10589,6
10589,8
71676,1
71676,9
71676,16
1722,8
1722,19
1722,14
10022,1
10022,5
10022,8
10022,21
10022,16
11358,2
11358,8
11358,1
11358,16
13,8
6477,5
6477,20
6477,21
6477,9
6477,3
10530,2
10530,8
10530,21
1924,1
1924,2
1924,9
1924,15
8488,5
8488,8
8488,14
10603,2
10603,21
10603,14
8273,5
8273,14
109424,1
109424,8
109424,16
35056,5
8839,9
8839,5
8839,21
156022,16
156022,1
156022,6
8963,1
1402,8
9315,16
9315,8
9315,13
8984,6
8984,13
8984,14
795,8
795,9
24,1
24,6
11353,5
393,1
393,6
393,16
9618,1
9618,2
9618,5
9374,9
9374,5
8584,2
8584,1
8584,5
8584,18
2320,2
2320,8
58224,5
58224,21
1729,1
1729,2
1729,9
175574,3
175574,5
175574,21
8077,15
8077,1
8077,11
8818,19
8818,20
8195,1
8195,16
8195,6
8195,2
116149,21
116149,5
80035,5
10632,8
10632,1
10632,16
10632,6
12117,8
12117,13
12117,16
1792,5
13260,5
72197,3
72197,2
72197,21
72197,5
3580,6
3580,8
3580,13
12123,8
12123,15
9566,8
9566,13
9833,16
9833,8
9833,14
4517,8
4517,19
4517,14
8202,1
8202,15
16072,8
16072,19
16072,17
34314,1
34314,6
19724,5
145220,5
145220,2
145220,6
145220,21
14623,1
14623,2
14623,5
14623,21
14623,9
14623,15
2841,8
802,8
802,14
10375,1
10375,16
36586,9
36586,11
36586,1
36586,16
11321,8
70074,1
70074,6
70074,16
242,6
242,8
242,16
9621,5
9621,8
9621,14
1819,5
1819,14
8536,1
8536,2
8536,9
8536,15
8046,8
479,1
479,2
479,6
479,16
9444,21
824,8
824,20
824,14
11456,13
11456,16
11456,6
261023,6
261023,8
3683,17
3683,8
3683,19
22803,8
22803,6
22803,16
39437,8
39437,16
1950,8
1950,14
640,8
640,6
97630,16
97630,8
97630,19
9767,14
9767,5
11631,5
11631,14
32856,5
32856,14
6519,1
6519,2
6519,5
49520,5
1850,5
1850,8
1850,14
524,6
11817,1
11817,5
11817,9
2123,5
9907,3
9907,5
9907,21
9969,5
9969,21
18239,2
18239,9
18239,8
18239,14
808,2
808,3
808,5
808,21
808,9
38050,15
38050,16
38050,14
8367,2
9390,5
72105,5
72105,9
2898,14
10312,5
10312,8
2022,5
2022,14
37686,16
37686,15
37686,13
462,8
9919,5
9919,14
187017,6
187017,5
187017,1
628,14
10201,5
302699,1
302699,5
9441,8
9441,14
274167,5
224141,9
224141,5
224141,20
2112,8
2112,1
2112,16
2112,6
10329,8
10329,16
74465,8
74465,5
74465,21
13811,1
13811,2
13811,8
13811,13
13811,15
13811,16
6877,5
10320,8
10320,11
10320,16
50646,5
50646,8
50646,14
8920,3
8920,5
8920,21
13673,5
13673,21
60308,8
6950,15
225574,1
225574,16
225574,13
13836,2
13836,21
13836,9
13836,15
13836,16
13836,1
752,1
752,16
752,9
6038,1
6038,2
6038,5
6038,18
9975,2
9975,3
9975,5
9975,21
11451,5
11451,21
11451,2
11451,9
11451,14
12103,16
60304,9
60304,11
60304,1
46529,1
46529,16
46529,15
46529,2
300671,1
300671,8
300671,19
300671,16
300671,17
228326,14
228326,3
228326,2
228326,5
228326,21
228326,9
9754,16
66,6
66,8
2649,8
588,11
588,13
10393,5
71552,5
9631,1
9631,2
9631,6
9631,8
9631,13
9631,16
216282,1
216282,16
306,6
928,5
928,11
928,9
205587,8
9801,5
9801,14
9624,1
9624,16
14199,2
14199,21
14199,15
1907,8
1907,2
1907,14
1907,16
4599,8
4599,5
4599,14
22832,1
22832,6
22832,16
10390,8
10390,14
9879,8
9879,16
38579,21
38579,5
44603,8
44603,9
11892,6
11892,8
11892,16
9691,1
9691,2
9691,6
1248,6
1248,8
1248,16
12220,5
12220,8
12220,14
72710,1
72710,2
72710,14
72710,15
72710,16
10782,1
10782,8
10782,13
10782,16
10782,6
9573,6
9573,8
9573,13
9573,16
4959,8
4959,16
4959,6
10386,2
10386,3
10386,21
10386,9
10386,15
421,2
421,5
421,8
316152,17
316152,1
316152,8
316152,19
316152,16
11615,8
11615,16
11615,6
13498,5
13498,1
241554,1
241554,6
241554,8
241554,13
241554,16
2252,16
2252,6
2252,13
11968,1
11968,16
11968,2
11968,6
10047,2
10047,8
10047,1
10047,19
10047,17
38319,5
69668,8
69668,16
69668,13
9770,16
11212,1
11212,2
11212,5
11212,21
10533,19
10533,14
38363,8
38363,16
9923,1
9923,6
11863,1
11863,13
11863,14
18501,1
18501,16
18501,15
9275,5
9275,6
9275,8
9275,16
329833,5
12634,5
12634,6
10416,5
10416,8
10416,14
10416,15
47327,9
47327,16
47327,1
47327,6
15268,1
15268,2
15268,15
15268,16
10796,1
10796,15
10796,16
9548,1
9548,5
9548,16
9548,6
9548,13
18947,8
18947,5
1900,16
1900,8
1900,6
96724,8
96724,14
198184,6
198184,1
198184,15
9481,8
9481,13
9481,16
9481,6
4547,6
4547,8
4547,16
6415,1
6415,2
6415,5
181283,6
181283,16
9896,2
9896,5
167,8
167,15
11232,5
11232,9
11232,14
11232,15
1636,9
1636,5
1636,14
2148,20
2148,8
2148,6
2148,14
5176,18
260346,16
260346,1
1389,14
1389,5
1389,6
9894,8
9894,16
7504,8
8592,2
8592,1
8592,5
8592,16
8592,6
913,8
913,6
913,14
11091,5
11091,8
11091,14
1368,1
1368,2
1368,16
1368,17
593,8
593,15
593,2
593,13
5393,3
5393,5
5393,21
5393,9
5393,15
9095,11
9095,14
320,6
320,13
320,16
199,16
20533,1
20533,18
20533,8
20533,9
20533,16
10684,16
10684,13
325789,6
325789,8
325789,16
113464,8
113464,19
113464,17
888,9
888,21
82675,1
82675,6
82675,16
4256,5
1493,5
1493,6
1493,1
88751,1
88751,15
88751,2
88751,5
88751,21
11130,5
11130,8
11130,21
11130,14
9944,8
9944,13
9944,16
9944,6
7350,8
7350,5
4379,14
4379,5
146233,8
146233,16
146233,6
2034,1
2034,6
2034,8
2034,16
926,5
926,21
926,15
4248,5
64328,5
64328,21
64328,20
36647,11
36647,1
7214,8
1537,1
1537,2
1537,6
1537,16
9360,11
6282,5
508,5
508,14
508,8
9487,2
9487,3
9487,5
9487,21
768,11
768,13
768,16
2636,16
10478,8
27983,5
27983,8
27983,21
9981,14
9981,5
9981,21
7453,2
7453,5
7453,21
7453,15
15045,5
15045,8
15045,21
7737,11
7737,1
7737,15
232672,5
17379,2
17379,5
17379,8
8987,2
8987,6
11359,21
9759,1
9759,2
9759,6
9759,16
9486,2
9486,1
9486,5
9906,9
9906,2
9906,3
9906,5
9906,21
841,1
841,15
841,2
4148,8
4148,14
2207,1
2207,2
2207,6
2207,16
9381,1
9381,2
9381,15
9381,16
9625,2
9625,6
9625,8
9304,9
9304,15
20856,2
20856,5
20856,21
20856,9
20856,15
5955,6
5955,8
5955,13
5955,16
9899,5
9899,20
9826,1
21355,8
21355,14
21355,18
11439,16
11439,13
9457,2
12412,8
12412,17
1494,1
1494,8
1494,9
13184,1
13184,6
13184,16
2185,1
2185,5
2185,16
6639,8
6639,14
38153,1
38153,16
58233,6
58233,2
58233,1
58233,5
58233,16
116977,3
116977,1
116977,5
116977,21
68734,8
68734,16
5503,2
5503,6
5503,13
27573,1
819,16
1369,1
1369,2
1369,16
1369,17
10895,21
10935,1
10935,8
10935,19
10935,18
834,9
834,1
834,15
834,16
228066,8
228066,15
228066,16
711,8
10468,5
10468,8
10027,1
10027,6
11812,14
11812,5
37233,13
37950,8
27582,1
27582,16
27582,6
64688,1
64688,5
64688,6
509,14
509,5
509,8
7443,3
7443,5
7443,21
5966,5
5966,14
136795,1
136795,5
136795,6
8095,8
8095,19
8095,14
87826,5
11560,8
11560,13
11560,16
11560,6
25189,8
2637,8
2637,11
2637,13
18480,5
709,2
709,1
709,16
49730,9
49730,16
49730,11
2749,1
2749,6
2749,16
9607,5
9607,21
9607,9
1830,6
1830,8
1830,16
79,8
79,2
79,1
79,19
54054,1
54054,5
54054,6
228967,1
228967,5
46528,2
46528,9
46528,1
46528,18
46528,16
27936,1
27936,5
27936,6
280391,2
280391,5
280391,3
9476,2
9476,8
9476,14
9476,1
10610,16
10610,9
10610,1
10610,5
745,13
745,16
745,8
49527,1
49527,16
49527,6
73937,5
1885,8
168672,8
168672,6
18240,5
18240,14
18240,8
165,2
165,5
165,21
165,15
240832,1
240832,15
216015,8
216015,14
216015,16
12279,1
12279,2
12279,5
12279,21
12279,15
1645,6
1645,16
11007,5
193756,1
193756,8
193756,16
193756,17
11287,5
259693,11
37799,8
10184,5
10184,14
10184,8
4257,5
4234,11
4234,13
196,2
196,5
196,21
196,15
257091,5
6114,14
6114,11
24803,14
24803,8
109410,8
1213,16
1213,6
1213,8
100042,5
9036,2
9036,8
9036,21
257211,5
323675,1
323675,5
9361,2
9361,8
9361,19
1677,8
1677,20
7461,8
7461,1
7461,16
7461,6
16538,5
9889,5
9889,14
820,8
820,16
820,19
11565,5
11565,6
6073,1
6073,5
6073,6
6073,14
16996,5
193610,5
193610,14
19912,11
19912,13
296098,16
296098,8
8007,1
8007,8
8007,16
8007,17
32823,5
4380,8
4380,14
4380,5
11551,5
11551,2
11551,9
11551,15
11551,1
10336,9
10336,11
11362,1
11362,2
11362,8
11362,16
50348,6
50348,8
50348,16
48138,1
48138,13
48138,16
1124,8
1124,13
1124,16
68179,3
68179,5
68179,2
68179,21
68179,15
1579,1
1579,2
1579,8
1579,16
708,1
708,2
708,16
34851,1
34851,15
34851,2
34851,16
9930,5
9930,6
9930,8
9930,14
9930,16
1586,16
1586,13
2044,14
2044,8
2044,13
9913,8
9913,11
9913,13
9913,16
71864,9
71864,8
71864,5
71864,21
10761,5
10761,14
209451,20
209451,8
11975,6
11975,16
4970,11
4970,16
11831,19
11831,13
9096,2
440,9
440,1
440,15
440,16
440,11
11011,5
11011,21
11172,5
11172,20
11172,14
39513,2
39513,5
39513,15
82687,5
41446,11
41446,13
8224,16
8224,6
8224,13
10537,20
225886,5
10385,5
10385,8
55779,11
55779,13
10154,5
10154,6
10154,14
10647,8
10647,14
11431,5
11431,8
11431,14
8457,5
188161,5
188161,18
8850,2
8850,9
8850,16
8850,15
64685,8
38357,5
38357,8
38357,14
10060,8
11398,6
11398,1
11398,2
1833,8
1833,14
10391,8
10391,11
10391,16
10391,6
8970,5
9306,9
9306,11
11370,1
11370,2
11370,8
12184,8
1921,8
1921,14
1683,11
203,8
203,6
62835,1
62835,16
62835,6
62835,8
18937,9
18937,3
18937,8
18937,14
18937,21
13536,6
13536,8
13536,13
15556,8
15556,14
10718,1
1887,8
1887,19
6071,1
10461,1
10461,8
10461,16
10461,6
80278,16
80278,8
12704,1
12704,2
12704,5
10315,2
10315,3
10315,5
10315,21
16643,5
16643,8
16643,14
2687,5
2687,9
2687,15
194,5
194,14
11025,5
8849,5
78698,2
78698,8
78698,14
30943,8
30943,13
9544,11
9544,16
24418,2
24418,9
24418,1
24418,16
7288,1
7288,5
7288,16
14655,5
14655,20
24575,1
24575,8
24575,16
10366,1
10366,15
19898,1
19898,11
19898,13
19898,15
19898,16
4965,1
4965,15
4965,16
15074,1
15074,2
15074,8
15074,16
56715,5
56715,9
56715,15
1272,15
1272,16
72358,8
72358,5
20542,2
20542,9
20542,3
20542,5
20542,15
20542,21
266396,1
266396,8
266396,6
9978,2
9978,1
9978,21
8271,16
8271,8
8271,13
10428,8
5353,1
5353,2
5353,16
5353,8
11934,8
14392,1
14392,8
14392,19
19495,1
19495,19
19495,17
110415,1
110415,15
110415,8
77459,2
77459,3
77459,5
77459,21
77459,9
26486,1
26486,5
9495,9
256040,1
256040,2
256040,17
256040,19
24420,8
24420,14
24420,9
1257,5
16320,15
16320,1
16320,2
16320,16
8842,14
8842,8
9531,5
9531,1
9531,2
9531,9
9531,15
64807,5
12289,2
12289,8
12289,1
20943,5
20943,14
9099,21
9488,1
9488,2
9488,21
193,16
44865,1
44865,8
44865,19
55787,8
55787,14
257932,2
257932,21
257932,9
257932,3
1957,8
1957,16
10833,6
10833,5
10833,14
256961,1
256961,5
256961,21
12312,5
622,11
622,13
622,16
12508,20
12508,8
12508,5
25793,8
10534,1
1091,11
1091,13
1091,15
87421,15
87421,1
87421,16
10871,1
10871,2
10871,13
13503,1
13503,18
13600,2
13600,21
13600,9
68722,8
14324,2
14324,1
14324,5
14324,14
14325,8
312221,8
23168,6
23168,8
23168,16
76494,14
76494,5
76494,8
10488,2
10488,5
10488,21
10488,9
96721,8
96721,1
334,8
23742,1
23742,5
23742,6
259694,5
259694,14
62837,8
62837,21
8966,2
8966,9
8966,8
8966,14
8470,8
8470,16
8470,6
11001,1
11001,5
11001,6
138832,5
138832,6
16911,1
16911,9
16911,15
16911,16
36670,2
36670,1
36670,16
23048,15
23048,5
23048,2
227735,21
227735,8
2155,16
31908,19
10219,8
10219,14
48171,8
48171,16
48171,11
75531,8
75531,5
11802,3
11802,21
9776,5
18785,5
365222,1
365222,8
365222,19
817,2
817,5
817,6
817,15
268,9
943,2
943,1
943,5
943,16
943,6
22881,8
10054,1
10054,5
10054,21
10054,2
51540,5
51540,6
44264,8
44264,2
44264,18
350,5
350,8
350,14
152,13
109431,5
109431,6
1598,6
8065,8
8065,6
271718,5
11638,5
11638,14
11459,2
11459,5
11459,21
10806,14
9348,11
9348,1
8843,11
8843,15
8843,16
9313,2
39486,8
1273,2
1273,3
1273,5
1273,21
13920,8
50544,14
50544,5
325133,5
140823,5
140823,8
140823,19
1883,8
1883,19
89492,5
22949,5
22949,21
12437,9
12437,1
12437,2
12437,15
12437,16
2959,5
9957,5
11648,5
11648,14
9366,16
1576,11
1576,1
1576,15
609,11
5516,5
5516,6
5516,16
13051,1
49530,1
49530,16
49530,15
34806,5
34806,14
49022,5
49022,8
49022,14
11469,2
11469,5
11469,9
23479,5
23479,21
11667,2
11667,16
423,8
423,17
2447,8
2447,19
10066,11
2288,8
2288,14
88794,8
88794,6
88794,19
13515,11
13515,13
13515,16
11979,8
11979,9
11979,11
169,15
169,1
169,16
8090,8
11622,5
11622,14
3604,15
9541,5
9541,14
94348,1
94348,16
94348,6
94348,13
8197,16
336004,6
336004,1
336004,16
35019,5
35019,9
10410,6
10410,19
8836,8
8836,13
8836,15
8836,16
321741,8
59965,16
59965,1
59965,13
14175,3
14175,21
14175,2
11004,5
11004,8
11918,1
11918,5
11918,15
98357,16
98357,6
98357,8
10012,11
10012,5
49526,6
49526,1
49526,16
268920,1
268920,5
268920,6
9093,17
9093,2
9093,8
9093,14
119283,1
119283,6
11823,5
11823,14
35169,5
118957,1
118957,11
118957,16
849,9
849,1
849,2
4515,1
4515,2
4515,8
4515,19
18886,1
18886,2
18886,8
18886,16
6575,5
6575,20
6440,8
6440,14
13496,1
13496,18
18320,8
18320,19
18320,14
22787,1
22787,6
22787,13
22787,16
8967,8
8967,9
37498,1
37498,2
37498,16
144336,1
144336,8
144336,16
144336,6
9616,8
9616,9
9616,11
9616,13
9616,14
9616,16
13056,1
13056,6
14113,21
14113,9
14113,5
285783,2
285783,8
285783,16
49478,21
9726,5
9726,8
9726,14
20763,8
9702,1
9702,6
9702,8
9702,16
9311,6
9311,13
9280,16
9280,6
9280,14
26843,1
26843,19
26843,17
11876,17
11876,2
11876,8
11876,14
22267,8
22267,17
22267,14
22267,18
45958,8
1969,1
1969,5
1969,18
1969,6
310706,8
310706,6
198663,1
198663,13
198663,15
198663,16
239573,5
10436,14
1381,8
1381,2
1381,15
1381,14
2162,1
2162,5
2162,16
127493,1
127493,6
127493,8
127493,16
12429,3
12429,21
228205,8
228205,14
2900,8
2900,15
2900,16
21311,14
21311,8
21311,2
77875,5
77875,14
192136,8
192136,19
18254,8
18254,19
881,8
10877,1
10877,6
10877,16
9600,6
9600,5
202575,21
202575,9
202575,3
202575,2
71469,11
71469,1
71469,16
71469,15
85446,20
85446,8
85446,14
326,1
326,6
326,11
326,16
10685,13
10685,16
7220,1
7220,6
7220,8
9763,8
72387,1
72387,6
72387,16
12596,5
12596,8
1892,2
1892,1
1892,15
13460,1
13460,16
13460,15
8055,8
8055,14
50647,5
10719,5
10719,21
10719,9
9294,9
9294,15
11888,2
11888,5
11888,21
9647,9
9647,5
9647,8
9353,5
9353,21
55721,5
55721,14
109414,1
109414,5
10307,11
11978,8
22907,1
22907,6
22907,8
22907,16
87567,5
38322,6
38322,5
38322,1
45612,16
45612,15
45612,13
7305,1
7305,2
7305,8
7305,16
3594,16
3594,8
3594,13
157841,2
157841,8
157841,21
11519,1
11519,5
12920,8
12920,21
59,8
59,16
59,6
9335,1
9335,16
9335,6
11141,1
11141,5
11141,14
11141,16
8649,8
31867,1
31867,15
31867,16
31867,6
10253,9
10253,8
10253,11
10253,1
10253,16
10253,15
3587,5
3587,21
124459,5
24662,5
24662,21
24662,20
32274,8
182,17
182,6
182,8
182,13
182,14
182,16
5494,2
38073,5
38073,8
38073,14
2054,20
2054,8
2054,21
302156,1
606,8
87502,8
698,1
698,2
698,16
698,15
120467,5
120467,8
11313,8
11313,13
6488,5
6488,11
10559,6
10559,8
10559,15
10559,16
296099,5
8012,16
8012,6
1574,1
1574,5
1574,6
1574,8
1574,20
9032,5
9032,8
2770,5
2770,14
862,21
1637,2
1637,6
72570,8
72570,14
27569,8
10637,8
1669,2
132363,8
9472,5
2907,11
2907,5
2907,9
9273,6
9273,2
807,13
17654,15
11836,3
11836,5
11836,21
322,16
322,6
322,8
322,13
70,8
9535,5
9535,6
11036,14
11036,8
6557,5
6557,14
18126,5
18126,8
18126,21
18126,20
18126,14
16340,2
16340,3
16340,5
16340,21
10333,8
10333,14
4476,2
22947,8
22947,14
2755,8
2755,5
82654,11
82654,5
82654,14
59967,1
59967,16
59967,15
16300,9
16300,5
16300,15
16300,14
9598,9
9598,21
82696,8
82696,5
82696,14
9870,5
9870,14
9870,8
8780,5
9715,8
9715,14
10521,5
10762,1
10762,2
10762,5
10762,16
10096,5
10096,9
10096,14
59436,9
59436,5
59436,14
227783,3
227783,5
227783,21
227783,2
4133,6
4133,8
10207,14
10207,8
172,16
21972,5
21972,8
21972,21
21972,9
707,2
707,1
707,16
533,2
533,3
533,5
533,21
6023,8
6023,14
6439,5
4347,8
4347,14
37056,5
37056,8
37056,14
4105,1
4105,16
4105,6
76489,5
3933,14
3933,9
3933,3
3933,20
9918,8
273481,1
273481,6
273481,8
273481,13
273481,16
307081,1
307081,8
16871,11
16871,16
293863,9
293863,8
293863,14
13156,5
13156,8
13156,21
41233,8
41233,14
9266,2
1262,5
1262,8
1262,9
1262,14
4513,11
4513,16
22970,11
22970,16
7278,5
9013,2
9013,5
9013,6
865,1
865,15
10776,11
10776,5
10776,20
50456,1
50456,16
50456,2
9823,9
9823,15
59861,5
59861,14
59861,8
133805,8
133805,11
12763,20
9766,1
9766,2
9766,6
9766,8
14034,1
14034,5
12244,1
12244,2
12244,3
12244,15
12244,16
109421,16
109421,6
109421,8
11137,5
11137,14
51162,3
51162,21
10152,5
9452,5
9452,8
239566,8
239566,20
53113,8
53113,14
9271,1
9271,6
4474,9
4474,8
4474,1
4474,5
4474,6
4474,15
184346,16
184346,6
184346,11
48340,1
48340,16
14846,5
14846,14
14846,8
72207,5
43539,14
43539,8
43539,16
43539,6
9920,15
9920,1
9920,16
8978,16
11702,8
11702,6
18550,5
18550,16
8869,1
8869,5
8869,11
8869,16
43347,8
43347,5
43347,14
3489,6
3489,13
3489,16
9701,8
2122,5
2122,16
2122,6
37707,11
37707,16
37707,15
10658,5
10658,9
10658,15
13150,16
13150,6
13150,8
9042,1
9042,2
9042,11
9042,16
11208,8
11208,13
11208,14
11208,16
58151,11
58151,5
11400,8
11400,19
11400,14
10350,1
10350,15
28902,8
28902,16
14164,1
14164,2
14164,9
14164,15
14164,16
76640,1
76640,6
76640,16
11058,8
11058,11
11058,15
11058,16
14844,5
14844,14
57089,5
57089,3
57089,21
1947,8
8054,2
8054,9
8054,13
46829,5
46829,8
146238,6
146238,16
146238,8
9989,1
9989,6
9989,8
102362,16
102362,1
102362,6
102362,8
11162,8
11162,14
6016,6
6016,8
6016,16
17186,1
17186,2
17186,8
17186,14
13967,8
13967,21
13967,14
9053,2
9053,1
9053,16
4512,1
4512,8
4512,18
76349,2
76349,8
76349,1
76349,19
76349,17
31203,5
265208,16
265208,6
265208,8
45610,1
45610,16
45610,6
50135,3
50135,21
50135,5
1874,19
1874,8
271331,8
215211,14
215211,8
367961,9
367961,2
367961,3
10955,6
10955,16
223702,2
223702,3
223702,5
223702,9
254470,5
254470,20
69,8
69,20
69,14
4967,5
9449,2
9449,9
9449,1
9449,5
9449,21
11499,8
11499,19
4912,5
4912,6
4912,8
4912,14
4912,16
12771,5
12771,14
323676,5
12506,8
24071,5
24071,8
24071,14
11249,8
11249,11
11249,5
9667,8
9667,13
9667,16
9667,9
277216,8
277216,20
87,2
87,1
14444,3
14444,21
2043,6
2043,13
2043,16
2043,1
315664,5
315664,8
1428,1
15373,5
318846,5
318846,8
26320,20
26320,5
26320,8
14292,8
14292,19
924,9
924,11
924,1
2018,5
192577,3
192577,15
9428,5
9428,8
2832,13
2832,16
137093,5
699,2
699,1
699,16
9778,5
9778,14
8831,16
8831,6
9398,5
112949,14
10439,5
10439,21
10439,9
3638,5
23483,1
23483,6
62206,1
62206,2
62206,5
10577,16
10577,11
218778,21
218778,5
4348,8
4348,14
78,8
78,16
11780,2
192102,1
192102,8
192102,16
192102,6
2001,8
2001,6
2001,16
10383,11
10383,16
11516,7
10025,5
10025,8
10025,21
10025,9
10025,14
15198,8
15198,5
23172,1
23172,5
23172,21
17834,2
17834,5
17834,21
10016,1
10016,11
10016,15
10317,5
10317,8
58431,14
58431,11
58431,5
58431,16
13092,5
13092,14
13092,8
59859,1
59859,2
59859,6
13495,1
254473,1
254473,6
254473,8
700,2
700,1
700,16
4964,5
4964,14
4964,8
10024,8
13490,5
13490,8
15927,8
15927,2
15927,19
1259,8
1259,14
5125,8
5125,16
174,16
9583,5
9583,8
9583,14
9437,13
63574,5
63574,20
245,8
245,5
245,14
9825,11
9825,5
9825,1
9825,15
9825,16
186,8
186,16
186,6
186,13
9549,19
61891,8
61891,19
61891,16
34584,8
34584,21
34584,9
34584,2
2666,13
12783,8
12783,19
12783,14
13155,2
13155,21
13155,9
42807,1
28355,11
28355,13
28355,16
8080,6
8080,16
5126,8
56288,21
56288,5
56288,1
303858,16
1613,16
1613,1
1613,5
1613,6
31582,5
31582,8
16617,13
16617,16
16617,6
8944,5
8944,8
41488,8
41488,16
37028,5
37028,8
37028,20
14560,1
14560,2
14560,5
14560,21
10330,5
6957,5
6957,14
1934,14
1934,19
169917,6
169917,8
169917,13
169917,16
951,5
10189,1
10189,5
9454,8
9454,14
9454,5
2055,18
1551,8
1551,11
1551,15
1551,16
11460,11
11460,16
9358,11
9358,13
22894,11
134374,16
134374,6
134374,1
1901,5
1901,8
1901,14
15028,2
15028,21
15028,15
15028,16
11509,1
11509,6
11509,8
11509,18
7445,8
7445,16
7445,17
17047,5
62838,5
62838,14
2057,8
2057,16
2057,13
2057,14
70436,6
70436,16
70436,13
8011,1
8011,9
8011,15
31640,6
31640,8
31640,16
9092,9
9092,11
2779,5
2779,6
2779,13
2779,14
2779,16
316002,14
316002,5
36355,21
238615,15
238615,13
238615,16
615,8
788,8
788,21
380,8
13223,8
10523,8
10523,19
8681,1
8681,16
239571,8
239571,14
619,16
619,1
619,8
619,20
619,14
424,19
50014,8
162903,8
162903,16
11024,13
11024,9
11024,2
11024,5
208763,16
208763,2
208763,13
208763,9
6466,11
254024,16
254024,8
12589,1
12589,2
12589,3
12589,5
12589,21
12589,9
12589,15
7191,1
7191,16
7191,15
1497,15
1497,2
1497,1
1497,5
1497,21
117,6
117,8
117,19
117,16
6977,6
6977,8
6977,16
168530,1
168530,5
634,5
634,14
634,8
392,5
392,8
392,14
10327,5
88042,5
41630,5
41630,14
11969,1
11969,2
11969,8
11969,19
2085,1
2085,6
2085,16
794,16
9286,11
9286,13
77877,8
77877,14
1265,2
1265,8
1265,21
866,8
175555,5
175555,8
75174,1
75174,8
75174,16
11096,11
11096,13
11096,16
8699,5
10923,1
11283,9
11283,5
11283,21
111,1
111,6
111,8
111,16
746,8
746,19
77866,16
77866,1
77866,8
77866,6
9416,2
7345,8
14317,3
14317,2
14317,21
20694,3
20694,21
12277,1
12277,5
9779,8
9779,5
2140,1
2140,6
2140,16
12620,14
12620,5
14177,5
14177,14
198185,8
227156,8
227156,15
10735,5
11351,11
11351,16
10030,5
10030,8
10030,14
10623,1
10623,6
10623,8
590,8
9655,5
9655,8
9655,21
9655,14
1268,21
1268,5
11237,2
11237,1
11237,11
11237,15
11237,16
190955,16
190955,6
190955,8
5123,8
4518,8
4518,19
11932,11
11932,5
11165,19
11165,1
11165,8
11165,2
11165,17
6116,2
6116,9
6116,8
6116,20
57431,5
21724,1
21724,5
21724,20
278,6
9290,2
9290,5
284536,16
284536,6
284536,8
152737,5
152737,8
13374,8
13374,5
13374,21
8976,5
9469,8
1909,14
1909,8
1909,5
22971,8
22971,14
22971,17
34813,1
34813,2
34813,6
34813,13
34813,16
46261,9
46261,11
46261,16
10431,1
10431,16
10431,6
8051,5
8051,8
8051,14
9352,5
10167,6
10167,1
10167,16
17170,8
18975,3
18975,21
18975,9
15487,8
15487,21
22825,16
22825,15
11152,8
11152,11
1831,5
10591,5
12770,1
12770,5
12770,8
276907,6
276907,16
10074,1
10074,5
65055,11
65055,16
10397,8
200505,8
11954,9
11954,11
11954,15
11954,16
60309,6
60309,8
60309,19
9787,8
293646,8
293646,19
6978,1
6978,2
6978,5
6978,9
133698,5
133698,14
59440,1
59440,8
1770,16
10655,17
10655,8
10655,19
8988,8
8988,17
15992,8
15992,13
15992,16
17707,8
17707,16
77883,11
77883,16
64639,8
64639,16
9903,5
9903,8
21338,1
21338,6
21338,16
20766,2
20766,8
19803,1
19803,5
20309,5
20309,14
9912,8
9067,9
8338,8
8338,13
8338,15
8338,16
168705,1
168705,2
168705,9
168705,11
72113,5
72113,8
9729,8
9729,13
9729,16
94352,9
94352,21
22256,8
12404,5
12404,8
12404,14
152742,8
152742,14
152742,6
152742,13
11699,8
11699,6
49953,3
49953,21
48034,5
48034,8
39845,8
25353,21
25353,2
25353,3
36696,21
36696,3
109091,16
109091,6
109091,8
38543,14
38543,2
38543,1
38543,19
33157,19
33157,1
33157,8
290864,6
290864,1
290864,16
859,8
859,14
83770,2
83770,8
1246,8
4233,13
174751,1
174751,8
174751,18
184098,5
184098,14
1788,8
1788,21
1788,20
1788,14
11635,5
177,5
177,8
3600,11
3600,13
3600,16
2621,14
2621,5
2621,8
10358,5
10480,5
10480,6
10480,16
10313,5
10313,17
18828,2
18828,8
18828,1
18828,5
18828,14
3558,8
13476,5
13476,14
10208,9
10208,5
10208,15
10208,21
24961,2
24961,21
24961,9
24961,20
20697,1
20697,5
20697,8
20761,5
20761,8
70868,14
70868,5
43593,5
43593,11
6478,8
6478,20
40688,3
40688,5
40688,21
26672,2
26672,9
26672,3
26672,15
26672,21
41283,6
41283,8
41283,1
41283,16
4935,9
4935,3
4935,2
19908,5
19908,11
10663,5
9737,5
9737,6
9737,16
37137,5
37137,6
9532,11
10316,8
12658,5
12658,14
152601,14
152601,15
152601,8
10866,13
10866,16
10866,8
227707,9
227707,2
227707,21
21349,8
21349,5
21349,14
19150,1
19150,5
70435,1
70435,16
580,2
580,16
13579,8
13579,21
20024,8
2453,1
2453,16
6973,19
6973,8
6973,16
6973,6
6973,13
354110,18
354110,8
22215,8
22215,5
22215,14
11632,8
11632,14
30596,8
30596,1
30596,19
3021,11
3021,16
957,5
957,15
251,9
251,8
251,13
544,14
544,5
11395,9
11395,8
11395,21
14635,8
14635,21
13680,5
13680,21
688,8
688,14
11090,1
11090,5
783,19
228194,8
1642,6
1642,8
1642,13
1642,1
10950,8
235260,8
277,9
277,1
277,16
8999,8
8999,16
11323,8
11323,5
11323,6
11453,5
146239,5
205588,16
10878,5
10878,6
10878,14
82650,5
82650,21
10279,16
10279,8
10279,6
10279,14
2294,5
2176,8
2176,16
19366,5
19366,20
204082,1
204082,16
24100,21
24100,11
1599,5
1599,14
5550,1
5550,2
5550,6
30379,1
30379,15
30379,16
42586,8
42586,5
42586,16
42586,20
42586,14
17709,5
17709,21
17709,14
287948,16
287948,1
287948,6
7548,8
7548,14
9075,8
9075,16
9075,17
11661,14
11661,8
11661,19
11661,17
11661,20
109513,1
109513,5
109513,14
12085,1
12085,5
12085,6
204922,13
204922,16
44113,8
164457,16
164457,8
164457,6
4566,8
4566,13
4566,6
17795,8
1073,8
1073,16
1073,13
153158,3
153158,2
153158,14
81836,14
81836,5
10724,15
10724,1
10724,2
10724,16
9473,3
9473,5
9473,20
2196,5
2196,8
1499,1
1499,2
1499,5
1499,21
1499,9
1499,15
20857,5
20857,14
82693,8
82693,5
82693,14
1646,6
1646,8
44944,8
4108,1
4108,6
4108,16
8456,8
8456,1
7341,11
7341,16
7341,15
19255,8
19255,5
19255,14
10187,8
10187,5
31005,14
31005,8
49517,8
49517,16
49517,13
44857,8
44857,5
44857,14
50780,8
16363,5
1946,1
1946,16
1946,15
1946,11
772,5
772,21
772,2
772,6
840,15
840,8
9682,11
9682,16
96,1
96,5
96,6
10678,5
8872,20
8872,5
16290,5
16290,7
16290,1
579,16
14405,2
14405,5
14405,21
138843,11
138843,16
11637,2
11637,5
11637,21
11637,14
226486,5
9312,9
12153,5
65057,5
65057,8
8326,2
8326,21
8326,8
8326,5
35690,8
35690,21
35690,14
76203,8
76203,19
13497,8
13497,14
13497,5
13497,20
35688,5
35688,14
162,9
162,8
162,14
103370,8
103370,5
103370,6
376659,5
10073,5
16690,2
16690,9
16690,3
16690,21
273895,19
273895,8
14873,21
14873,3
14873,2
8968,16
8968,11
8968,8
8968,13
9963,16
9963,8
9963,13
15655,3
15655,21
21208,11
21208,16
21208,13
272878,2
272878,8
272878,21
9760,1
9760,2
9760,5
13279,8
13279,6
13279,16
1975,11
1975,16
33644,5
33644,8
33644,14
1649,2
1649,5
1649,21
1649,9
1649,15
9895,5
9895,8
9895,14
9895,16
9570,2
9570,21
9570,15
9570,1
27579,6
27579,8
27579,16
40264,11
40264,5
1164,8
239678,8
239678,5
14359,8
14359,13
3989,20
3989,2
3989,3
3989,1
3989,5
76617,11
76617,16
4258,5
20391,8
20391,1
20391,5
20391,18
20391,20
10139,19
10139,8
335778,1
9645,11
9645,13
9645,16
55465,5
19904,11
19904,16
19904,13
48289,8
48289,16
243,5
243,8
243,14
243,20
6933,11
6933,13
6933,16
8848,16
8848,6
8848,8
38,15
38,8
38,14
38303,5
38303,14
1266,1
1266,6
1266,8
1266,16
107985,5
107985,1
107985,15
14043,1
14043,2
14043,6
14043,21
14043,13
14043,16
19901,9
19901,11
19901,1
19901,16
19901,15
34016,5
34016,14
59860,2
59860,5
59860,14
10069,11
10069,16
9588,14
9588,1
9588,2
9588,18
9588,8
12819,21
12819,3
9954,1
9954,2
9954,9
9954,11
9954,15
9954,16
10115,5
10115,8
25132,5
25132,21
577,9
577,16
328387,13
328387,2
328387,6
12690,8
12690,18
12690,6
9945,1
9945,8
9945,9
9945,11
9945,16
539,8
13596,14
13596,5
226857,8
226857,14
13159,5
13159,8
13159,14
526,2
526,8
526,9
526,14
22796,5
22796,8
22796,21
2355,8
5915,2
5915,8
9842,5
9842,8
9842,14
61012,16
61012,11
61012,13
13682,3
13682,21
9089,5
9470,1
9470,5
9470,6
9470,9
7979,8
470,8
470,6
470,16
15644,1
15644,8
15644,16
9582,5
9582,14
10642,8
10642,5
10642,14
10642,21
22074,7
2428,8
2428,19
290751,6
290751,8
290751,13
13805,1
13805,5
4597,1
4597,6
4597,8
4597,16
9414,16
9414,6
9414,1
63492,5
63492,14
81796,1
81796,16
81796,15
10710,5
15092,1
15092,16
15092,6
11382,1
11382,16
15005,8
8198,8
8198,1
8198,16
8198,14
6963,5
6963,8
15070,1
15070,2
15070,8
15070,16
12797,5
12797,9
12797,14
17134,1
17134,2
17134,8
17134,16
41402,8
41402,11
41402,13
18885,2
18885,1
18885,5
18885,21
4953,8
4953,5
146198,1
146198,16
10563,5
10563,14
295964,8
5971,5
5971,6
5971,8
9716,20
11835,1
11835,6
11835,8
11835,16
26171,8
31117,5
31117,21
9074,1
9074,5
9074,6
14396,1
14396,5
14396,6
15673,5
109417,20
109417,8
13948,5
13948,9
106747,1
106747,6
106747,16
10929,11
14220,5
46435,5
46435,8
46435,20
256962,5
256962,8
256962,17
48231,8
48231,16
3509,3
3509,15
3509,16
82684,8
12142,1
12142,9
12142,11
12142,16
23367,5
23367,8
23367,21
23367,20
10740,8
10740,13
10740,16
241239,6
241239,8
241239,16
14582,8
14582,14
14582,17
14582,19
14914,8
3902,8
3902,20
77948,1
77948,16
21755,2
21755,5
21755,8
21755,14
4960,8
128,2
128,9
128,3
40932,5
40932,20
16608,1
16608,2
16608,6
16608,8
16608,16
16608,18
334531,8
32316,5
7299,1
7299,15
7299,16
13405,8
13405,17
19457,8
19457,1
19457,16
19457,6
314385,8
314385,14
8953,3
8953,9
8953,15
29078,8
46503,8
46503,13
46503,16
46503,6
46503,14
10448,2
13688,5
13688,8
13688,21
13688,9
13688,15
10353,5
10353,9
43935,1
43935,5
43935,11
43935,13
43935,15
43935,16
44638,8
44638,9
241257,11
241257,13
241257,16
14538,1
14538,19
14538,8
13250,6
13250,8
13250,16
133931,5
133931,3
133931,2
133931,21
280871,8
280871,19
184341,8
334074,16
199373,16
199373,6
14202,8
14202,14
6968,1
6968,6
6968,8
6968,19
6968,16
52449,5
12150,8
12150,6
12150,13
11247,5
4232,6
4232,13
9378,11
9378,16
694,16
105,2
105,21
11377,11
11377,13
11377,16
26367,8
26367,5
385383,1
385383,8
41210,5
41210,14
41210,8
12090,5
62630,8
62630,1
62630,16
62630,6
62630,17
16110,3
16110,8
16110,21
16110,15
29427,13
29427,11
29427,1
129,9
129,2
129,3
129,21
244114,1
244114,6
2669,1
2669,8
2669,19
203833,8
13523,5
13523,2
13523,14
25195,14
25195,5
17277,8
17277,19
50725,5
50725,8
50725,14
82631,8
73191,21
73191,9
73191,20
22479,16
22479,8
22479,20
340611,8
10065,11
10065,16
10065,8
2757,5
2757,6
2757,8
11683,11
244339,1
1878,2
1878,8
1878,5
23082,5
23082,14
23082,9
195589,5
854,14
496,5
8835,5
157,15
157,1
157,2
157,16
8643,6
8643,8
8643,11
8643,16
218043,16
218043,1
218043,15
9043,5
9043,8
9043,14
21301,5
21301,8
816,15
816,6
302688,14
302688,5
302688,21
60307,21
60307,5
106,15
106,1
106,2
106,16
279,19
279,20
8617,6
8617,11
10625,5
10934,5
10934,8
10934,14
5279,8
5279,13
5279,16
10013,5
10013,8
10013,9
10013,14
194662,8
194662,5
160588,5
160588,8
9829,8
9829,19
9829,6
9829,16
9829,1
10028,14
10028,20
10028,21
43959,1
43959,8
16991,5
16991,6
16991,8
9610,2
9610,9
9610,1
25643,8
25643,14
11904,1
11904,2
11904,6
11904,8
11904,21
11904,13
11904,16
28665,20
28665,5
28665,8
28665,14
44115,2
44115,8
44115,16
10569,1
10569,5
10569,6
10560,8
10560,20
333348,5
333348,21
11457,8
321697,8
321697,19
19840,5
19840,14
22327,8
22327,5
22327,14
38665,1
38665,2
38665,14
38665,18
11644,8
11644,13
11644,16
146227,1
146227,6
253235,5
253235,8
253235,14
22102,2
22102,5
22102,21
18701,5
18701,8
18701,14
10068,8
10068,14
848,9
36811,8
36811,14
522,19
130150,8
12246,19
13809,1
13809,6
13809,16
27380,2
27380,1
27380,15
10549,8
33870,8
33870,14
245703,2
245703,8
245703,15
10739,5
10739,14
127560,8
127560,19
37903,6
37903,8
37903,13
10017,14
10017,15
10017,11
10017,1
10017,6
11468,8
11468,13
11468,16
193613,20
17436,8
43434,6
43434,8
43434,16
43434,19
31166,16
31166,8
69848,18
69848,1
69848,8
69848,19
8408,11
8408,15
332411,1
332411,6
332411,8
332411,16
9389,1
9389,3
9389,15
9626,2
9626,9
9626,1
75638,16
8363,5
290555,11
290555,1
8328,20
8328,8
8328,14
10982,3
10982,5
10982,21
205,8
205,19
205,17
1620,1
1620,6
1620,8
1620,16
175541,8
175541,20
241254,16
241254,1
1933,11
1933,8
1933,13
1933,16
11113,8
11113,21
11113,20
193893,5
9675,5
9675,8
9675,14
9988,5
948,11
948,16
21765,5
21765,21
21765,15
146304,5
41439,11
41439,6
2752,5
2752,14
9429,5
38117,8
38117,9
38117,14
9792,11
9792,16
13778,5
228203,8
41382,5
13960,8
114150,5
114150,20
114150,14
26602,8
26602,5
26602,14
10223,8
10223,6
10223,16
16028,11
16028,16
15639,5
16112,21
26390,6
26390,8
26390,16
27759,1
27759,8
27759,19
109428,11
23049,5
23049,14
9310,5
9310,8
9310,21
11411,1
11411,2
11411,15
16988,8
24747,8
58048,2
1491,9
1491,8
1491,16
1491,14
2989,2
2989,16
10629,8
10629,6
10629,16
255343,16
255343,14
4723,1
4723,2
4723,5
4723,8
4723,15
4723,16
10800,3
10800,21
25763,1
25763,2
25763,15
79694,11
79694,16
4032,5
4032,8
4032,21
18615,8
18615,13
18615,14
10673,6
10673,8
2977,8
2977,14
10760,5
11093,8
639,8
24226,8
9285,5
9285,2
14709,5
14709,8
14709,14
74643,8
74643,5
74643,14
13788,11
13788,16
13788,13
83666,5
83666,8
83666,14
10781,11
318850,8
13908,5
13908,21
1417,9
1417,8
1417,17
39180,1
39180,5
39180,21
16161,6
16161,8
16161,14
49950,16
49950,8
49950,11
10956,13
10956,2
10956,5
10956,14
10956,8
9594,16
9594,1
9594,6
9594,8
13972,5
13972,8
13972,14
5038,8
5038,14
13491,1
13491,2
13491,8
13491,14
10571,5
10571,8
10571,14
10994,8
25166,5
25166,6
25166,13
23169,8
23169,14
17403,8
17403,5
17403,14
12120,5
12120,15
1090,16
1090,15
1090,13
18475,5
18475,8
40160,1
40160,15
40160,16
18074,5
18074,8
18074,20
9689,5
9689,8
9781,5
9781,20
8009,9
3877,8
8854,15
8854,2
152599,8
152599,14
18840,8
18840,19
18840,21
18840,14
68727,16
68727,6
68727,8
68727,13
12657,14
12657,5
8265,5
34647,9
34647,8
73935,5
73935,14
73935,11
28178,8
28178,21
185567,6
185567,8
185567,16
264656,18
264656,8
35696,5
35696,8
16351,17
16351,8
18777,13
18777,6
18777,8
18777,16
9035,5
9035,11
9035,15
90,1
90,5
90,6
771,21
12154,21
12154,5
12154,8
9576,5
9576,14
744,17
146,2
146,8
146,1
146,14
14,8
45269,8
45269,19
9493,5
22556,8
22556,14
873,8
33196,1
33196,2
33196,8
33196,16
205596,19
205596,8
205596,16
205596,17
16769,8
16769,20
33217,5
33217,21
132232,11
11153,5
11153,2
11153,14
208134,5
1165,8
4011,9
4011,5
17202,5
17202,8
65086,8
65086,11
65086,16
10053,11
10053,16
11870,5
11870,21
586,5
586,8
18736,21
18736,5
287903,11
287903,5
287903,9
9276,11
9276,13
9276,15
15765,20
11397,5
77016,6
77016,8
77016,16
266856,8
266856,14
13411,5
13411,6
10564,5
10564,8
10564,14
947,8
947,19
228970,8
18405,6
18405,16
18405,11
18405,8
6961,5
6961,14
11442,11
11442,16
2493,21
2493,9
14047,8
64690,8
64690,1
64690,16
64690,6
11132,5
17127,8
1562,11
1562,16
1562,15
232679,8
17880,5
17880,8
17880,21
14736,1
14736,5
14736,8
14736,14
9434,1
9434,16
9434,14
23706,5
9100,9
9100,16
116,8
116,16
116,6
116,14
1245,14
10413,1
10413,2
10413,8
10413,16
9793,11
9793,16
13768,9
13768,8
13768,15
13768,14
13768,21
8975,1
8975,2
8975,8
8975,16
342521,1
342521,5
45272,8
45272,14
9424,13
9424,11
9424,15
97367,8
97367,6
254904,6
254904,1
254904,16
18681,8
18681,13
18681,16
12162,8
12162,16
12162,17
11495,9
11495,8
11495,11
11495,1
11495,16
64689,6
64689,16
157849,16
13166,5
15511,2
15511,3
15511,5
15511,15
15511,21
37003,20
37003,7
12211,1
12211,9
12211,15
13816,6
13816,8
13816,20
51828,8
51828,14
7501,6
7501,16
10743,1
10743,5
10743,16
10743,6
37718,9
37718,5
15237,8
15237,20
9686,5
9686,8
9686,14
17644,21
97430,1
12257,8
12257,5
12257,14
13539,14
68,5
7874,8
4911,1
4911,6
4911,8
4911,16
1988,8
1988,16
16222,8
16222,5
16222,14
9557,5
9026,5
9026,8
9026,19
9026,14
8321,5
8321,8
8321,6
72359,5
10186,5
10186,20
25704,5
133694,8
19265,5
19265,14
36047,16
8053,2
8053,6
8053,8
8053,13
8053,18
2290,5
2290,8
2290,19
5236,1
5236,5
5236,6
5236,13
6552,16
6552,5
6552,11
1018,16
1018,8
1018,13
10075,8
10075,9
10075,11
10075,14
38031,5
38031,8
38031,14
42188,8
42188,14
42188,15
6687,16
6687,6
6687,13
13853,2
13853,8
31306,5
31306,8
8461,11
8461,16
8461,6
331592,8
331592,16
331592,15
47692,8
19,8
19,15
10045,1
10045,16
10045,15
400,8
400,6
253450,1
253450,8
253450,19
9104,8
9104,5
9104,17
9104,6
9104,16
11190,16
11190,8
11190,13
16353,2
16353,1
16353,16
23759,2
23759,1
23759,8
24206,8
24206,1
24206,16
10185,13
10185,8
10185,6
10185,16
10185,11
74536,8
74536,16
74536,6
13501,5
13501,8
13501,14
13501,9
13501,20
15208,8
15208,9
172391,3
172391,2
172391,21
262543,16
262543,15
9288,1
9288,2
9288,9
370980,8
20083,8
20083,1
20083,16
20083,6
40880,8
40880,22
137,9
137,8
264999,5
264999,8
264999,20
454,8
454,14
53457,8
53457,17
288980,8
1951,8
12405,8
12405,14
10998,8
10998,14
10998,16
9396,2
9396,5
319910,16
319910,13
319910,8
319910,6
2604,8
2604,17
14435,13
14435,11
1931,8
1931,20
691,2
691,1
691,16
9877,11
9877,16
12227,1
12227,2
12227,8
12227,21
13824,5
13824,21
71688,19
71688,8
15173,1
15173,2
15173,3
15173,5
15173,21
15173,9
15173,14
8291,14
13950,1
13950,2
13950,5
12158,11
11586,11
11586,16
11586,9
10008,11
10008,16
2830,5
2830,14
12403,16
12403,13
12403,2
34563,5
14557,5
10368,5
10368,8
10368,17
12637,8
12637,20
12637,14
34152,8
14434,5
14434,14
11470,11
11470,15
10741,19
10741,8
24940,5
24940,14
82679,5
2013,8
18041,8
18041,13
18041,16
28029,8
28029,14
1123,1
1123,8
1123,16
87729,14
16899,5
16899,14
41317,1
41317,2
41317,8
41317,14
245700,19
245700,8
37842,8
37842,14
9045,8
9045,19
44092,19
44092,1
44754,8
23988,5
23988,11
142,8
142,14
9603,8
9603,14
10712,8
10712,14
243938,5
10876,8
86838,5
86838,6
25208,8
25208,13
25208,16
613,8
613,19
613,17
1913,8
97370,16
97370,15
97370,8
801,5
801,8
801,17
54518,7
54518,20
54518,21
44214,8
44214,16
9816,8
9816,21
9816,14
9816,20
10131,11
10131,16
339984,8
8859,5
11967,6
11967,2
11967,8
239563,5
222899,5
222899,14
10985,5
10985,21
9644,5
332567,11
332567,8
332567,16
1954,15
1954,16
22345,15
22345,5
22345,21
9448,1
9448,2
9448,5
9448,16
38223,8
38223,21
11186,8
11186,11
136835,6
136835,16
5876,15
5876,11
5876,16
264660,8
264660,15
492,9
492,8
492,5
25462,5
25462,14
238603,21
238603,2
238603,15
10691,8
10691,14
1251,1
1251,2
1251,8
1251,17
5172,2
5172,5
5172,8
5172,15
58680,5
58680,14
264644,8
264644,16
14577,5
11592,16
16406,5
3682,20
3682,8
9683,2
9683,5
9683,8
9683,14
2084,5
2084,6
2084,16
107811,5
2266,8
2266,14
13074,8
144340,5
144340,8
144340,14
48217,14
48217,8
28211,8
28211,16
28211,13
47502,6
47502,8
9950,8
9950,1
9950,5
9950,6
84892,8
84892,14
24227,1
9672,8
44853,8
44853,14
44853,18
157544,16
157544,11
59678,1
59678,5
59678,15
79777,8
79777,14
79777,17
158011,6
158011,16
17043,21
17043,1
17043,2
8952,5
8952,8
8952,14
62204,2
62204,8
13435,8
13435,14
17187,8
17187,14
319,16
59457,14
59457,15
9504,6
9504,13
37414,6
37414,8
37414,16
6217,8
6217,9
6217,16
26688,11
26688,13
26688,16
43867,2
43867,8
43867,14
6615,5
6615,14
6615,8
14574,17
14574,8
16,8
16,6
16,20
39780,8
39780,14
21612,6
36691,5
36691,8
36691,14
23631,1
23631,5
23631,16
45324,6
45324,5
45324,8
12144,3
12144,2
12144,21
11658,1
11658,2
11658,8
11658,19
11658,17
56601,8
56601,21
9552,8
9552,11
9552,16
578,16
578,2
2105,5
2105,14
126319,3
126319,5
126319,8
126319,21
10136,1
10136,2
10136,5
67660,5
67660,14
10611,5
10611,8
154,1
154,2
154,15
154,16
3049,13
860,16
860,15
9281,6
75674,1
75674,16
75674,17
9762,20
9762,8
9762,14
9762,6
184,5
184,14
13335,5
13335,2
76726,15
76726,8
76726,16
10269,20
10269,8
10269,14
36819,21
36819,9
36819,15
36819,2
36819,5
17130,1
17130,2
17130,5
17130,8
17130,21
17130,20
17130,14
57214,5
57214,6
11202,19
9357,11
9357,16
13812,11
13812,15
13812,16
9030,8
9030,11
9030,16
19084,5
19084,21
8386,5
10437,5
10437,21
10437,9
10437,8
1360,8
1360,14
101267,7
101267,20
222935,14
222935,8
10220,8
10220,6
284296,8
284296,5
31915,11
31915,15
11601,11
11601,13
11601,16
205220,8
11354,5
11354,8
16241,11
16241,8
16241,16
16241,15
14191,9
14191,14
14191,21
14191,5
286565,8
286565,13
286565,14
129670,8
129670,2
9059,11
9059,5
9059,16
34549,5
34549,21
34549,9
34549,15
57157,5
57157,8
1948,1
1948,16
1948,6
28353,5
28353,14
46889,5
46889,8
46889,14
38093,5
38093,8
38093,14
14976,8
11027,14
11027,6
11027,8
3635,8
3635,14
387,1
387,8
387,19
387,17
387,2
6020,5
122906,5
122906,8
122906,15
9550,2
9550,8
9550,1
9550,14
60599,8
60599,16
227719,15
227719,16
14299,8
14299,19
14299,20
19419,1
19419,5
12088,1
12088,16
12088,15
14799,5
14799,8
9466,8
9466,5
7510,8
7510,5
31246,5
31246,14
10944,13
10944,16
10362,8
10362,14
14778,5
14778,8
1255,11
1255,8
1255,15
10212,5
10212,11
10212,16
10212,18
8669,5
8669,8
179144,5
179144,8
16857,5
16857,8
86825,8
86825,11
86825,16
844,9
844,8
844,15
844,14
8060,6
8060,8
8060,14
15907,2
15907,8
15907,21
38448,8
38448,14
327,6
327,8
327,16
9260,5
61337,8
13079,16
13079,8
13079,13
89325,8
89325,14
4170,8
4170,16
12479,5
44555,5
44555,8
44555,16
10133,16
10133,15
10133,13
21345,8
21345,19
21345,17
61984,15
50601,17
50601,8
26466,11
236751,8
107,16
107,6
8913,8
8913,11
13889,8
18530,8
358451,8
358451,19
358451,14
927,9
927,11
927,5
291870,5
907,8
907,14
907,17
206563,2
206563,6
206563,8
206563,16
11887,5
11887,8
11887,21
11887,20
11887,14
12094,1
12094,5
12094,7
10377,5
10377,8
249164,8
9942,5
10748,5
10748,21
10748,15
1817,16
1817,8
10229,8
10229,14
796,8
796,14
796,16
22804,11
22804,13
10156,5
12837,2
17708,1
17708,5
17708,6
13937,8
13937,11
13937,16
13937,6
28932,8
28932,1
31909,15
167073,8
167073,14
3175,8
3175,14
3175,17
14369,5
16888,5
121826,8
121826,5
121826,14
10646,5
10646,14
12149,8
12149,16
12149,6
304357,8
11184,8
766,9
766,11
766,5
20009,5
20009,14
1587,14
30973,8
30973,19
11109,6
11109,8
9027,5
9027,14
63020,8
86829,8
86829,20
11065,8
11065,14
11065,16
13888,8
13888,2
13888,14
42345,8
42345,19
13994,5
13994,20
13994,14
1590,8
62728,8
62728,16
62728,6
11917,11
11917,16
11917,6
45138,8
45138,1
45138,16
45138,6
45138,22
80271,8
80271,5
80271,14
4657,6
4657,8
4657,13
4657,16
24137,8
24137,5
24137,14
190847,15
190847,16
190847,11
11056,11
62,2
601,2
601,21
13067,14
13067,5
13067,8
25379,2
25379,8
25379,21
88641,8
88641,5
14877,8
14877,1
14877,19
14877,18
14877,14
96399,19
96399,8
304410,5
304410,8
304410,20
373314,8
373314,16
214,11
214,16
214,6
10890,1
1588,5
316727,1
316727,11
316727,16
10314,5
10314,14
663,11
663,16
663,6
11804,8
11804,11
11804,16
16781,8
16781,5
16781,14
9289,1
9289,8
9289,19
9289,17
10414,5
10414,21
1970,11
1970,13
1970,16
8922,11
8922,16
1648,2
1648,5
1648,15
17917,8
17917,21
17917,20
74534,8
74534,5
19405,15
19405,3
19405,5
19405,21
9355,1
9355,2
9355,15
10999,1
10999,2
10999,16
321258,11
321258,13
321258,16
10426,5
280092,8
280092,11
280092,16
13938,1
13938,2
13938,5
10163,11
12182,5
12182,20
12182,14
1832,9
1832,5
1832,2
9034,5
9034,8
10135,1
10135,16
26352,6
20616,8
20616,16
9794,5
9794,14
15037,5
15037,8
15037,14
227,6
227,8
294272,2
294272,21
294272,9
11336,11
11336,15
11336,16
283445,11
88036,8
88036,20
10984,11
10984,16
22824,13
22824,15
22824,16
9526,8
9526,5
9526,20
15983,1
15983,16
14544,5
14544,8
14544,21
11545,5
11545,8
42684,15
268238,8
268238,5
8359,5
8359,8
8359,21
15648,5
15648,8
15648,21
15648,14
41823,8
41823,14
9362,1
9362,11
9902,11
9902,16
14729,18
14729,19
9455,1
9455,6
9455,13
9455,16
103731,8
10090,1
10090,2
10090,5
10090,6
164558,7
164558,20
19905,5
17710,3
17710,21
75900,8
9515,1
9515,5
9515,6
9515,8
9515,16
27322,5
27322,8
328425,16
328425,13
14120,2
14120,8
10050,5
10050,14
1542,5
1542,6
87093,8
10029,5
10029,6
10029,16
11507,6
11507,13
11507,11
11507,16
37931,1
37931,2
37931,5
3472,6
3472,8
3472,16
13160,5
88005,5
88005,8
88005,14
88005,15
52067,5
73,8
134597,11
134597,16
24034,3
24034,8
24034,21
24034,20
14283,8
14283,16
14283,13
14283,20
14283,14
404,8
13201,1
13201,6
13201,8
13201,14
209403,5
7942,5
7942,14
73247,5
73247,14
73247,21
253331,8
34043,5
34043,21
34043,14
9952,2
9952,8
9952,17
256924,5
256924,8
256924,20
82532,8
82532,5
41110,8
41110,14
134371,8
134371,15
134371,13
2088,1
2088,8
10388,1
10388,6
10388,8
10388,13
10388,16
1640,8
25520,8
25520,14
27342,1
27342,16
13689,8
13689,14
67911,5
24664,5
24664,8
329440,11
329440,16
47890,2
47890,13
47890,16
252512,5
252512,8
252512,13
55720,8
9613,8
9613,13
9613,16
29076,1
29076,5
29076,14
29076,16
29339,2
29339,8
29339,1
29339,21
68812,16
68812,6
68812,8
14195,16
14195,5
14195,6
73567,6
73567,8
73567,16
41479,5
41479,8
15394,6
15394,8
15394,16
10071,5
1989,8
1989,14
91076,8
12779,5
12779,14
11770,1
11770,5
12703,8
64559,5
64559,6
64559,16
222649,8
101173,8
101173,16
25350,5
25350,8
10034,1
10034,6
10034,5
20178,5
20178,14
5072,11
5072,5
5072,16
18191,8
18191,16
31007,8
11546,5
11546,6
184374,17
184374,19
184374,8
268171,5
268171,21
268171,14
78149,5
39037,5
39037,14
22805,5
22805,8
39055,8
39055,21
245846,8
245846,16
25186,5
12245,6
12245,13
12245,16
49787,8
49787,11
49787,16
16358,5
16358,8
7006,16
7006,8
7006,11
7006,9
66767,20
66767,8
17622,1
17622,16
283671,21
283671,3
283671,2
18516,8
18516,17
217708,8
217708,14
217708,5
42057,5
42057,14
17577,1
17577,11
17577,16
17577,15
14608,8
14608,22
14608,14
34417,5
15067,1
15067,2
15067,5
15067,18
78383,11
78383,16
43090,8
43090,1
43090,5
43090,18
16614,5
10471,5
250066,1
667,1
667,16
667,2
208869,8
208869,1
208869,5
208869,6
86837,8
86837,14
10306,11
10306,16
11576,1
11576,2
11576,5
11576,6
219,5
219,8
219,14
31174,8
31174,17
244316,1
244316,11
244316,16
37737,8
37737,1
37737,14
62215,8
62215,15
66125,8
66125,5
66125,21
132316,8
132316,14
30497,11
27586,8
27586,20
14811,8
14811,14
660,2
660,1
660,16
40794,5
40794,8
40794,14
9400,8
16162,8
16162,5
10585,11
10585,16
2359,7
238636,11
238636,16
10472,5
10472,8
10472,21
10472,14
11282,5
11282,2
6521,8
6521,16
14181,6
14181,8
14181,16
1621,5
9656,11
9656,16
16428,5
16428,14
10705,19
10705,1
10705,14
8272,8
24621,5
24621,14
9685,5
9685,8
14425,5
14624,14
14624,8
14624,21
10179,1
10179,15
10179,5
15568,8
14057,5
14057,8
14057,14
1808,8
1808,20
293670,11
293670,13
67675,7
67675,20
67675,21
27329,8
27329,22
27329,19
27329,17
250349,5
12454,5
12454,8
39806,8
15699,8
15699,21
15699,22
8883,6
8883,8
8883,19
8883,17
17926,5
17926,14
291081,16
291081,13
291081,6
291081,8
41248,8
41248,14
25968,8
25968,14
9671,2
9671,5
52010,3
52010,15
11588,16
11588,13
11588,15
43418,8
43418,19
43418,17
71157,8
13483,16
13483,6
13483,13
333355,1
333355,2
333355,3
333355,9
333355,15
327833,16
327833,1
327833,8
1547,11
1547,5
25196,8
25196,20
25196,14
16323,8
16323,20
16323,14
175528,5
71805,2
71805,21
9451,5
16727,8
272693,14
272693,5
150202,11
150202,8
150202,16
19644,1
19644,8
19644,19
29963,8
29963,14
26022,8
26022,14
152747,1
152747,2
152747,8
1116,8
1116,19
1116,17
185008,14
11620,8
11620,19
11620,14
14353,11
14353,5
14353,20
14353,15
11818,2
11818,8
11818,1
680,16
242582,6
242582,8
242582,16
11217,5
11217,11
15121,8
15121,21
15121,20
15121,14
2619,5
2619,9
2619,14
773,5
773,8
235,6
170,11
170,16
170,15
28121,16
28121,6
28121,14
40807,5
40807,8
10885,11
10885,13
10885,16
225565,5
225565,14
385736,2
11971,8
668,2
668,1
668,16
11596,11
11596,16
11596,13
11596,9
14429,8
14429,5
14429,14
14429,21
13751,8
9490,6
14536,5
9962,8
9962,5
9962,14
15049,1
15049,5
15049,6
22821,1
22821,16
22821,6
42819,8
209263,5
209263,8
209263,14
37735,5
59930,5
59930,8
59930,14
10873,8
10873,11
51588,5
23570,14
14629,5
14629,8
14629,14
8293,8
8293,14
291270,3
291270,5
291270,8
291270,14
44009,5
44009,8
1958,5
1958,16
1958,20
1958,6
1958,13
13154,1
13154,16
26618,5
26618,6
26618,8
26618,16
43923,5
43923,8
46138,5
46138,8
46138,19
45791,8
26306,14
110683,8
110683,2
26963,3
26963,21
26963,9
198277,5
198277,20
198277,14
198277,8
7870,8
7870,14
13072,8
13072,1
13072,16
153397,23
153397,14
153397,8
30141,5
30141,20
30141,13
30141,6
17044,8
17044,14
17044,17
10288,14
10288,5
10288,8
10288,11
44147,1
44147,5
12192,6
12192,11
12192,16
13197,1
13197,6
13197,8
13197,13
13197,16
10913,5
10913,6
10913,8
10913,14
251321,8
10425,8
10425,1
10425,16
10425,6
256687,1
256687,8
256687,16
220488,5
220488,14
1544,8
1544,5
1544,14
374461,8
302,16
302,6
182873,1
182873,8
21512,1
21512,2
21512,15
389425,1
389425,6
389425,16
403,5
403,8
29461,5
33542,6
33542,1
33542,5
33542,16
283708,8
283708,17
9388,5
9388,8
1691,11
24684,8
24684,14
2610,5
2610,8
2610,14
11308,5
11308,8
15365,1
15365,2
15365,5
15365,6
12569,5
24356,8
24356,20
2577,8
2577,14
2577,15
2577,16
73873,8
312113,8
312113,1
312113,6
14165,21
14165,5
14165,14
2011,3
2011,8
45650,16
45650,2
45650,9
7735,8
7735,16
301365,16
301365,11
25941,16
25941,6
25941,8
25941,1
29064,11
29064,16
7326,5
7326,8
7326,14
326284,1
681,2
681,1
681,16
535,8
535,20
535,14
19913,5
19913,8
19913,14
77930,8
77930,5
10727,16
10727,11
253,2
253,1
253,16
17908,5
17908,8
17908,21
8390,5
8390,14
57119,5
3291,8
3291,19
398,6
398,8
8068,6
10803,2
10803,1
10803,14
10803,15
682,2
682,1
682,16
10117,1
10117,2
10117,5
10117,6
10117,8
9392,2
9392,11
24977,7
79316,11
2074,14
1696,8
1696,11
1696,6
308639,6
308639,8
308639,5
22314,8
22314,1
22314,16
22314,6
2662,11
12573,5
12573,8
44718,5
44718,8
44718,13
11342,2
11342,5
11342,9
11342,11
34653,8
34653,14
11051,8
9555,2
9555,8
9555,1
9555,19
15581,5
13006,16
13006,1
13006,11
13006,15
13006,6
16651,1
16651,2
16651,8
16651,21
4251,8
4251,14
12400,8
39053,5
39053,8
39053,14
14112,8
14112,6
12271,8
71859,8
71859,16
226354,8
226354,21
33676,5
37080,8
37080,14
25388,1
25388,2
25388,8
25388,17
11687,9
11687,5
11687,15
39210,5
39210,8
44835,8
192134,5
192134,6
192134,8
1956,13
1956,8
1956,2
24985,8
24985,14
306745,14
306745,8
47088,5
110402,8
110402,15
27004,6
27004,16
27004,5
15013,8
8374,1
8374,16
8374,6
277519,6
277519,16
78381,11
78381,16
164372,3
164372,9
294512,21
294512,3
294512,5
294512,2
8879,14
8879,18
13001,2
13001,15
9571,8
13649,5
13649,8
13649,21
13649,20
334527,16
334527,6
334527,8
13919,5
13919,8
14576,1
14576,16
14576,6
82505,11
82505,16
46738,8
46738,17
46738,13
38970,8
38970,5
38970,14
41009,1
41009,5
41009,6
41009,8
7347,8
7347,1
7347,6
250546,11
650,6
650,8
16620,8
16620,20
25113,5
25113,8
25113,14
11033,11
11033,13
11033,16
34723,1
34723,2
34723,8
34723,21
9430,6
9430,5
9430,16
8998,5
8998,8
8998,14
10514,15
10514,16
10496,11
10496,16
1591,8
76025,8
4836,8
4836,16
4836,6
87499,8
87499,16
18923,14
18923,8
26665,8
26665,5
26665,22
28089,8
28089,19
62255,1
62255,8
62255,16
62255,2
5708,8
338,5
338,8
338,14
21641,8
10925,5
10925,11
792,1
1777,7
642,19
642,8
642,6
433,21
433,9
16619,8
1725,6
1725,8
1725,20
11977,5
16158,5
16158,8
16158,14
10160,11
10160,16
11452,5
11452,14
32275,18
13785,5
14144,5
14144,21
10622,6
10622,1
10622,5
13370,5
13370,20
11191,5
11191,8
11191,14
10215,5
10215,9
25066,6
25066,16
1523,8
11361,11
11361,16
92591,5
92591,6
92591,8
57612,7
12509,8
12509,14
15256,5
15256,8
15256,14
83686,8
83686,16
80304,5
80304,18
67913,1
67913,5
67913,16
67913,6
13991,5
8545,5
8545,8
19556,5
19556,14
231576,8
231576,5
16172,5
13403,5
13403,20
15797,1
347764,13
347764,8
347764,16
347764,11
13537,8
13537,19
20794,5
20794,6
20794,16
31064,8
31064,16
576,2
13990,8
11583,16
11583,2
11583,8
11583,6
18602,8
27549,1
27549,2
27549,9
27549,15
59728,8
32395,8
58882,8
58882,19
7547,8
7547,14
42222,8
9282,6
9282,8
9282,16
38940,1
38940,16
35689,6
35689,13
35689,16
97614,6
97614,8
97614,16
37206,8
37206,21
58626,1
58626,16
837,11
837,13
837,15
1555,8
1555,5
1555,14
244783,8
16564,8
16564,19
16564,17
168027,5
3482,1
3482,8
3482,16
3482,17
8982,1
8982,6
8982,8
8982,16
455,5
455,8
455,14
14351,1
14351,2
14351,8
10664,16
10664,11
9277,8
9443,8
9443,19
16186,5
16186,8
16186,14
138697,14
138697,5
138697,8
11901,18
1548,5
1548,8
11889,8
11889,14
33155,5
33155,15
5528,8
321,5
321,14
4997,6
4997,8
4997,13
4997,16
925,8
27451,8
979,8
979,16
979,6
979,13
193722,5
193722,8
7913,8
51995,5
51995,16
51995,1
51995,8
13173,5
70670,16
70670,6
84204,15
84204,5
84204,16
84204,11
25248,5
25248,8
230266,8
16633,15
16633,9
91586,11
91586,16
215,11
333371,16
333371,15
333371,8
9012,7
9012,5
345911,11
345911,16
72571,11
242512,11
10072,11
10072,16
211954,5
211954,8
82990,11
29912,8
11843,5
11284,11
11284,16
11284,5
173,8
227348,11
227348,16
1955,8
1955,19
152532,8
152532,19
243940,16
243940,11
77,13
77,16
157547,11
2295,5
71,8
71,5
71,20
147773,5
147773,8
24266,21
24266,8
24266,1
24266,18
24266,14
16508,3
16508,21
16508,5
15660,8
59968,5
59968,8
19848,8
256274,11
256274,16
235271,8
235271,16
284293,8
24973,19
24973,8
21610,1
21610,6
21610,16
10283,11
10283,16
8346,5
8346,8
8346,14
122081,8
122081,6
1391,8
1391,14
747,11
747,5
14745,8
14745,11
26748,14
11357,11
11357,16
24913,13
13776,5
13776,8
14854,1
14854,6
14854,8
14854,14
14854,16
14854,18
50357,11
50357,16
50357,15
13090,5
13090,8
192141,1
192141,16
16441,1
16441,9
29996,8
29996,19
29996,14
29996,17
351819,14
351819,5
22649,8
378200,5
378200,14
20455,9
20455,3
20455,15
20455,21
11042,5
11042,6
11042,8
10786,1
10786,2
10786,8
10786,14
12484,1
12484,2
12484,11
12484,16
17339,1
17339,2
17339,17
17339,16
9900,5
14662,5
14662,8
335,18
15745,1
15745,5
15745,16
17431,15
17431,8
78394,7
46332,8
46332,19
13996,5
13996,8
343795,8
45658,5
45658,8
45658,14
16148,5
16148,6
16148,13
16148,16
4553,16
4553,8
36351,8
36351,6
245916,16
245916,6
245916,8
245916,13
27585,8
1415,5
1415,8
1415,6
313922,11
313922,6
313922,16
14474,5
14474,8
14474,14
199933,8
199933,15
199933,13
13685,6
13685,8
8744,6
8744,8
8744,16
8847,7
39269,8
46838,5
46838,11
56930,1
56930,8
56930,14
41730,5
41730,8
298312,11
298312,16
11600,8
11600,17
71547,14
71547,16
57876,11
57876,16
57876,15
77495,16
13849,11
13849,5
13849,6
13849,16
14849,8
14849,9
14849,5
12486,5
12486,7
244403,20
244403,8
244403,5
292481,21
292481,3
340816,14
340816,5
78814,23
78814,6
78814,8
78814,16
297596,16
297596,8
299552,1
299552,16
299552,17
11935,8
11935,1
11935,16
11935,15
113406,5
113406,8
290825,5
290825,9
290825,11
290825,16
31175,8
31175,5
77949,11
77949,16
1690,11
8435,5
8435,8
64720,16
64720,8
49365,11
49365,16
300706,5
16337,11
11577,18
77987,8
77987,16
77987,6
8981,8
8981,21
10914,1
10914,5
10914,8
10914,18
50848,8
50848,5
50848,14
166624,8
166624,5
10822,8
9336,5
9336,6
5689,14
5689,2
5689,8
712,8
13342,5
10339,2
10339,8
1429,6
1429,8
641,6
641,8
27686,20
27686,14
65749,8
65749,22
65749,14
6106,8
252680,5
141,9
141,8
141,13
17139,8
17139,22
17139,19
12079,5
12079,6
12079,8
39800,5
39800,8
4550,8
4550,16
62116,8
9991,5
9991,8
13807,1
13807,6
13807,16
68818,2
68818,1
68818,18
12093,6
12093,8
36419,8
36419,11
36419,13
36419,16
362105,5
362105,11
10970,5
375290,16
375290,1
375290,8
375290,19
17663,8
17663,21
270938,2
270938,1
116613,1
116613,8
116613,6
11826,6
11826,8
11826,16
29920,8
29920,16
29920,6
1088,8
1088,21
34069,16
34069,13
34069,15
10947,5
10947,8
10947,21
10947,20
10947,23
47452,8
47452,14
47452,22
3040,9
3040,1
3040,16
11386,6
11386,16
10246,5
29426,11
29426,15
153,8
703,8
27191,1
27191,8
27191,14
1365,8
1365,14
287424,11
165864,11
165864,5
987,14
987,8
987,5
241251,16
40494,8
39781,5
39781,8
8337,1
8337,11
8337,15
8337,16
8357,7
146203,11
146203,16
85350,8
512,5
512,13
13408,1
13408,5
10744,8
10744,14
11536,8
11536,1
11536,14
9782,8
9782,16
18713,5
18713,6
6537,11
6537,8
6537,16
184345,5
184345,11
1809,5
1809,8
1809,14
2370,1
2370,8
2370,13
2370,16
9809,5
9809,6
5,6
5,5
11013,5
11013,8
11013,14
10132,8
16448,20
16448,5
8141,5
8141,6
8141,16
8141,14
1546,5
1546,8
48572,11
48572,1
48572,16
14517,9
89708,8
89708,7
27551,9
27551,2
64678,8
64678,14
309503,16
309503,8
14293,5
14293,8
14293,16
15059,8
103328,8
103328,9
157847,8
25719,6
25719,5
25719,14
27723,5
242575,8
29122,5
29122,6
125123,5
125123,14
111190,8
133575,8
133575,14
54580,8
52015,8
52015,11
52015,1
52015,16
52015,15
227975,8
60422,5
60422,8
81390,2
81390,1
81390,16
81390,6
225235,8
14902,8
14902,5
14902,19
14902,20
121676,16
121676,14
22301,1
22301,8
22301,19
257087,11
114635,11
158150,5
158150,14
158150,23
251979,14
251979,2
251979,8
874,8
874,19
10774,8
266102,8
29715,17
29715,18
25209,1
25209,5
25209,20
25209,14
25209,18
37495,5
37495,6
37495,8
34769,8
34769,1
34769,5
34769,6
35032,20
35032,14
5178,8
5178,5
5178,14
8618,5
8618,8
3116,8
813,5
352978,16
352978,2
352978,1
16288,11
23330,1
23330,5
23330,18
18900,6
18900,8
27029,8
26268,1
26268,8
26268,16
26268,6
26268,13
573,6
573,8
573,13
573,16
310131,13
310131,11
40505,1
40505,5
3033,8
25376,6
25376,8
25376,13
25376,14
22007,11
22007,16
765,9
205321,23
205321,11
46146,9
46146,11
14256,5
14256,8
540,1
370464,6
370464,1
20055,6
20055,8
20055,13
20055,16
224569,1
224569,6
224569,5
224569,16
39303,11
39303,16
39303,13
142061,1
142061,3
370662,7
256740,1
256740,8
256740,16
299145,8
12535,5
12535,20
1667,7
1667,21
50839,16
50839,8
13973,5
13973,8
244786,8
598,8
598,6
11129,5
11129,8
75861,8
75861,20
13551,13
13551,8
13551,6
13551,16
103663,8
850,5
850,21
12586,8
12586,14
11564,1
11564,8
11564,11
11564,6
11564,16
301748,5
108346,14
108346,8
8841,8
805,11
805,8
805,13
11697,18
22051,8
22051,14
436,8
436,16
436,6
55347,8
55347,14
55347,5
10070,1
10070,5
10070,11
658,2
658,1
658,16
125490,15
125490,11
1585,21
1585,9
627,6
23618,5
41436,11
41436,16
10162,5
10162,14
1430,7
259943,8
10014,11
11257,8
11257,14
158015,15
158015,11
158015,16
82507,11
82507,16
82507,13
261,14
1685,2
1685,15
1685,13
20737,21
20737,8
10991,2
10991,9
10991,3
10991,1
10991,21
10225,11
10225,13
10225,16
826,19
34086,5
34086,21
34086,15
5854,5
5854,6
5854,16
284,14
10285,9
10285,11
10285,16
5780,13
5780,16
292,5
292,7
292,20
223485,14
223485,16
223485,18
29463,8
29463,20
29463,14
18065,1
18065,5
18065,6
22013,8
821,8
821,19
53862,5
53862,14
3089,18
132344,14
132344,8
15582,5
15582,9
15582,21
15158,1
15158,11
15158,15
15158,16
7509,8
7509,22
7509,14
10557,5
23531,5
23531,14
28005,8
28005,19
28005,14
40247,5
40247,8
252,21
252,9
24126,9
24126,11
24126,15
13982,6
16642,8
16642,14
18892,5
549,19
868,6
868,8
10683,5
10683,8
17995,5
17995,7
246403,5
246403,11
670,8
670,16
670,13
670,1
35691,1
35691,8
35691,21
35691,16
49010,1
49010,5
49010,16
11229,5
11229,8
11229,16
24469,8
82533,5
82533,14
50942,11
50942,15
50942,16
84174,5
84174,14
34099,8
34099,20
34099,21
79940,5
38033,11
38033,16
100975,8
100975,5
38541,15
234212,16
234212,11
27404,5
71866,8
192210,1
192210,8
192210,16
180296,5
157058,5
26039,1
26039,6
26039,8
26039,16
79587,8
79587,5
176077,16
260947,13
260947,16
342502,16
43213,1
43213,6
43213,16
44594,5
44594,8
44594,14
666,8
325173,6
325173,1
351043,16
351043,13
351043,8
351043,11
43942,7
10226,11
10226,16
10226,13
66942,14
66942,5
66942,8
356483,16
356483,1
356483,11
10476,8
239,14
10281,11
10281,16
3034,15
13025,11
13025,1
13025,15
17264,2
17264,21
16016,1
16016,2
16016,3
16016,5
16016,15
15875,2
15875,5
15875,14
43306,8
43306,14
43306,17
9730,11
9730,16
209274,8
26371,8
26371,14
14137,5
14139,15
14139,16
8875,11
8875,16
139038,5
139038,11
10676,11
10676,13
10676,15
1687,1
1687,15
24748,1
24748,8
24748,18
181330,5
181330,7
468,14
401,5
401,8
401,14
50538,11
50538,13
50538,16
25636,5
25636,8
25636,14
21074,8
84329,15
84329,5
84329,8
84329,6
20,8
20,14
157386,5
157386,8
157386,14
13007,5
13007,7
46849,8
17334,5
17334,14
1698,11
1698,16
20764,8
20764,15
20764,16
45132,5
45132,1
45132,8
254472,5
254472,11
332285,11
13569,8
13569,11
13569,16
356216,6
11798,8
11798,6
146631,1
146631,2
146631,15
43546,5
43546,20
61038,8
61038,21
78373,5
78373,8
78373,21
17820,20
17820,14
74457,8
283384,16
19933,9
19933,2
19933,3
19933,5
19933,21
19933,20
756,21
756,20
433715,16
433715,8
9728,11
9728,16
9731,11
9731,16
309425,9
309425,8
43610,8
360339,16
360339,8
297621,14
297621,5
297621,20
16205,1
16205,5
16205,11
887,8
887,19
887,14
9517,6
9517,8
6007,5
6007,8
364083,8
364083,6
8329,11
8329,13
347548,16
347548,11
347548,15
322443,2
322443,8
322443,18
657,1
657,16
657,2
28165,5
28165,11
28165,1
11561,14
270303,11
270303,16
11624,5
595,6
8810,2
8810,1
8810,16
8810,15
12207,1
12207,5
226,6
226,8
92182,11
92182,13
582,8
582,16
72213,8
990,8
55604,2
55604,8
55604,14
9662,2
9662,3
9662,5
9662,8
20862,8
20862,5
80,8
80,14
55,8
55,16
11023,6
11023,8
33667,8
33667,14
39013,8
11194,7
11194,1
11194,2
43839,8
43839,20
43839,14
1382,5
1382,8
44639,7
301351,8
301351,20
301351,14
4816,6
4816,8
7873,6
7873,8
7873,16
7873,1
331190,6
331190,8
331190,16
15186,5
15186,8
15186,14
1378,14
1378,8
1378,5
8885,8
8885,3
8885,17
250124,8
250124,14
14284,7
57120,8
57120,18
22617,8
22617,1
22617,16
42889,5
10656,1
10656,16
24363,5
24363,8
13121,5
13121,11
24746,1
24746,2
24746,15
22913,5
22913,8
22913,14
273899,8
20653,3
20653,21
20653,22
171759,2
171759,21
206296,5
206296,8
206296,20
206296,14
35219,5
35219,8
35219,13
35219,16
28260,5
28260,15
28260,14
28260,11
7515,8
7515,1
7515,14
13075,8
335866,11
335866,15
13510,11
13510,16
215881,16
18238,11
18238,5
22600,8
22600,1
22600,6
22600,22
50698,16
50698,11
115210,11
34335,6
34335,8
34335,11
34335,16
459488,7
20406,1
20406,2
20406,8
3766,6
3766,8
3766,13
18616,11
18616,16
18808,1
18808,2
18808,8
95755,5
95755,6
174311,5
174311,8
12602,13
12602,11
12602,19
153795,5
153795,8
17768,5
17768,20
98549,1
98549,2
98549,19
98549,18
312793,15
312793,5
309919,16
309919,13
309919,11
309919,8
299553,16
21309,6
21309,8
329540,16
329540,1
26388,8
26388,16
26388,13
49020,8
49020,5
49020,14
159037,7
159037,8
159037,19
12838,8
157293,8
157293,20
14048,16
14048,7
14048,6
14048,19
356987,8
356987,16
38358,11
38358,8
38358,16
33511,8
542,8
542,14
84175,8
84175,9
1705,1
1705,15
62677,8
62677,20
260778,5
260778,14
58492,5
58492,7
37232,2
37232,8
37232,22
4929,18
36334,6
36334,8
9783,11
9783,16
205126,1
205126,15
104,1
104,8
104,16
10894,8
10894,11
10894,16
10894,14
246449,2
246449,21
32579,8
1688,1
1688,15
1999,8
1999,16
43947,16
43947,6
43947,11
24066,5
24066,6
191714,8
191714,14
25312,8
25312,14
34106,5
34106,14
11426,17
11426,8
11426,14
27455,5
27455,8
7973,8
7973,5
7973,14
283686,16
283686,11
15976,8
15976,14
592,6
592,8
592,13
74084,14
1651,6
1651,8
1651,14
298584,11
10758,5
11690,1
3083,5
9344,6
10707,5
10707,8
15647,5
308529,1
308529,8
4174,8
20156,13
49018,11
49018,16
13820,5
13820,6
13820,15
13820,16
18079,6
18079,8
18079,16
127918,7
17113,8
129139,5
129139,14
507,1
507,6
507,8
507,16
4012,8
14054,8
14054,14
10972,11
10972,13
11908,5
11908,11
3082,8
3082,5
1961,5
1961,11
291362,5
30082,8
30082,14
72913,8
72913,19
72913,17
23963,11
23963,13
23963,15
29406,8
104755,11
104755,16
253306,11
253306,5
253306,16
29595,7
46729,5
46729,8
46729,9
46729,14
46729,15
137347,5
137347,8
290370,15
356841,16
356841,1
356841,6
301325,8
301325,13
301325,11
301325,16
408,9
408,21
44413,8
44413,22
39209,18
394047,8
312791,11
312791,16
266034,8
266034,6
266034,16
280381,16
280381,11
2661,21
2661,2
2661,5
2661,15
2661,6
100,5
100,6
218500,18
309,8
100275,11
100275,5
295914,8
295914,1
42033,15
19187,1
19187,5
38570,5
27588,8
27588,11
27588,14
223,8
223,13
9725,11
9725,16
23730,11
23730,15
46256,2
46256,3
46256,5
46256,21
19997,6
19997,8
19997,16
43266,8
278316,16
278316,5
278316,14
176,11
176,13
176,6
39939,5
39939,6
39939,13
215924,5
215924,8
480,5
480,8
480,14
14295,8
14295,14
11219,5
11219,13
11219,16
20770,5
176124,8
60400,8
60400,21
60400,9
429,18
310569,8
98369,8
98369,5
89750,7
86331,8
86331,14
15544,5
43884,1
43884,2
43884,8
43884,17
157422,11
7553,5
12877,8
12877,16
12877,6
39895,5
39895,11
55616,11
29697,8
50037,9
50037,15
50037,11
94329,1
94329,16
94329,6
27374,11
27374,16
26815,8
26815,5
26815,14
811,2
811,8
811,15
244776,8
5769,2
5769,5
5769,19
5769,14
103,6
103,8
11298,8
646,2
646,1
646,16
93856,11
93856,16
9003,11
347126,8
10092,11
10092,16
10643,2
10643,11
10643,1
10643,15
46705,8
46705,14
546,8
76487,16
76487,11
5722,5
5722,8
5722,16
39833,8
39833,1
39833,18
39833,20
39833,14
1781,7
18712,1
18712,8
18712,19
18712,17
7944,7
7944,20
171424,1
171424,2
171424,11
171424,16
361475,8
361475,14
361475,21
113947,8
113947,14
113947,5
18570,7
244772,8
50837,8
50837,16
248774,5
248774,14
10183,8
159014,7
159014,20
32456,8
32456,14
49963,5
49963,8
13508,7
9707,5
9707,11
9707,16
9707,13
9707,9
26791,6
26791,8
26791,13
26791,16
8675,5
13132,8
13132,14
192132,8
24424,6
24424,8
13198,5
13198,8
13198,9
13198,14
244267,15
244267,8
21413,5
21413,8
21413,14
123678,7
13362,7
201132,8
201132,2
201132,7
251471,7
25983,13
25983,11
66195,5
66195,16
66195,6
16155,5
16155,6
46727,14
46727,8
46727,6
55180,5
55180,8
29015,1
29015,5
91122,5
91122,14
18206,6
18206,8
18206,14
18206,16
320146,8
320146,15
13856,8
13856,9
13856,15
99826,5
99826,8
186935,6
186935,8
19344,8
19344,14
242083,8
242083,5
26673,5
26673,14
41830,8
63287,8
34592,11
258755,14
258755,8
21283,5
21283,14
272724,18
84178,16
84178,11
101179,11
101179,16
101179,13
269057,15
269057,8
269057,20
287524,11
206213,5
206213,1
206213,15
206213,16
29146,8
29146,14
29146,15
207769,11
207769,16
271185,8
271185,13
271185,16
654,6
654,8
91070,5
2009,8
2652,8
2652,16
9813,8
9813,16
60421,8
157354,8
127867,5
127867,9
127867,16
3170,3
3170,8
3170,21
14014,5
15708,8
15708,5
15708,14
146882,8
84200,5
84184,5
84184,8
84184,14
45767,5
45767,8
45767,21
45767,15
14823,6
14823,8
14823,16
367551,1
367551,5
367551,15
343409,16
343409,13
60243,8
57294,5
57294,8
57294,16
47889,14
905,8
905,16
905,14
78705,8
78705,22
25212,1
25212,8
25212,13
25212,16
292483,5
14451,11
14451,5
10105,1
10105,2
10105,8
10105,19
10105,17
211557,11
211557,15
13158,3
13158,5
84332,5
84332,14
84332,15
84332,8
74510,5
74510,7
74725,11
74725,16
74725,6
58428,11
58428,16
8416,8
36584,8
36584,16
13429,11
13429,8
13429,16
13429,6
9022,11
9022,13
9022,16
2287,7
26837,6
26837,8
26837,20
7859,8
302579,8
158752,11
158752,9
118612,13
118612,16
3080,20
2667,11
2667,13
9459,19
9459,7
9459,20
181940,16
181940,13
324322,20
324322,7
375950,8
375950,5
704,5
704,20
75986,8
75986,16
385636,5
385636,8
14438,8
211086,7
211086,8
83,8
83,16
30315,11
30315,15
2056,8
2056,5
14271,7
16653,5
16653,8
16653,21
16653,14
14757,8
36825,5
36825,6
36825,21
12281,6
12281,8
125052,14
125052,6
125052,8
7301,5
7301,8
7301,14
172533,14
172533,8
180383,7
346,1
346,8
45145,5
45145,14
45649,5
45649,8
45649,9
45649,11
45649,13
43933,8
43933,16
43933,15
73511,8
73511,5
139715,5
139715,11
81220,8
253626,1
253626,8
253626,16
90369,8
90369,14
117942,11
117942,5
322194,1
322194,16
322194,13
98568,13
98568,15
98568,16
380733,14
380733,1
285743,20
285743,11
362765,16
362765,5
362765,13
379532,21
15239,15
15239,1
15239,5
15239,11
4107,1
4107,2
4107,8
4107,19
15624,8
15624,14
17287,11
17287,5
15389,5
15389,8
464,14
464,8
464,5
464,20
8193,5
188166,6
188166,16
23827,11
23827,13
1282,7
762,2
762,5
762,9
189711,11
189711,5
19204,11
9029,5
9029,14
18045,11
18045,15
18045,16
11240,14
11240,8
11240,5
157909,8
157909,16
10238,8
3059,8
65203,8
65203,20
65203,14
764,11
103620,11
319069,19
319069,7
14278,7
25678,1
25678,2
25678,8
79161,7
371690,15
371690,21
52032,3
52032,5
52032,8
3078,14
38810,8
21525,20
21525,7
55123,5
55123,8
11980,9
11980,16
11956,5
1550,5
1550,8
26518,8
8942,8
68412,8
2786,8
2786,16
87943,7
73981,7
91721,8
118452,8
40914,1
40914,16
13282,1
13282,5
13282,15
324352,14
324352,5
324352,8
318040,8
318040,14
84188,8
84188,16
84188,6
2255,5
431,16
431,15
431,13
51942,8
51942,5
51942,3
1424,8
1424,13
1424,16
60420,8
60420,14
142132,5
109729,16
109729,8
78307,8
12247,8
12247,16
29917,16
29917,13
60463,20
24869,1
24869,9
77934,8
77934,21
34697,6
34697,8
306667,21
306667,8
3060,8
3060,14
3060,17
40963,5
173224,14
173224,5
173224,20
18533,8
18533,1
18533,6
376010,18
35073,2
35073,11
35073,15
9659,2
9659,1
9659,16
9659,15
10218,14
391,18
43595,5
54897,8
53256,14
53256,8
53256,5
40920,20
40920,8
69270,11
5759,8
5759,5
5759,11
402515,11
126141,7
48035,8
14758,5
14758,8
14758,14
13363,15
13363,8
361398,20
361398,5
361398,8
21334,8
21334,5
21334,21
79120,8
79120,14
27995,5
27995,14
55420,8
55420,15
5822,1
5822,8
5822,14
39141,5
39141,8
39141,14
5723,8
5723,20
5723,14
50497,16
50497,8
50497,11
354624,1
354624,8
13187,3
13187,21
13187,5
13187,23
178862,7
1779,7
1779,19
86812,15
86812,8
86812,13
84355,8
84355,5
18632,5
40652,8
40652,14
339408,8
18925,8
299245,11
299245,16
985,8
985,9
985,11
985,15
18841,5
18841,11
18841,15
175291,8
175291,5
175291,6
80215,7
13538,16
51130,6
51130,13
51130,16
270554,16
270554,1
270554,8
270554,15
72086,6
72086,11
268917,7
268917,20
473,13
473,8
473,16
111794,14
111794,5
360188,15
9372,7
9372,5
9372,8
85860,5
244534,5
244534,8
33468,11
33468,15
74777,13
74777,11
74777,16
16388,8
16388,14
159770,8
42109,8
42109,14
47607,14
47607,5
47607,8
20981,11
20981,16
20981,9
242095,16
242095,15
250902,7
222250,5
13963,7
13963,20
290391,16
290391,11
42497,8
42497,14
14585,5
38780,1
38780,8
38780,6
38780,16
226458,16
226458,11
86304,15
86304,16
692,11
692,5
692,6
13898,8
13898,22
157185,11
36095,6
36095,11
36095,13
36095,16
182291,8
286939,16
286939,11
286939,5
124606,8
14337,15
14337,8
14337,16
9367,1
9367,6
9367,16
231617,5
231617,8
231617,14
231617,23
25975,7
1714811,16
1713003,21
1713003,1
1707276,11
1707276,23
1702398,11
1702398,5
1702398,14
1702398,9
1697811,2
1697811,9
1689833,5
1689833,23
1678795,7
1659488,8
1659488,5
1659488,21
1659488,16
1656298,5
1652423,5
1652423,7
1650060,7
1650060,5
1649764,11
1649764,8
1649764,16
1614488,11
1614488,13
1614488,16
1613446,1
1613446,5
1613446,3
1613022,8
1613022,16
1612283,8
1612283,15
1612283,16
1603157,5
1598432,11
1598432,9
1598432,16
1593547,16
1579129,1
1579129,2
1579129,8
1579129,19
1579129,17
1574526,8
1477299,3
1477299,20
1477299,21
1450473,8
1450473,5
1443069,8
1419019,1
1419019,11
1411140,14
1411140,5
1323717,8
1120865,11
1120865,5
1120865,13
1588798,1
1588798,2
1588798,15
1286030,15
1286030,8
1531947,8
1604487,8
1644719,16
1644719,6
1571521,3
1571521,2
1571521,21
1555901,15
1555901,8
1716448,11
1716448,15
1652778,8
1652778,16
1635312,14
1635312,8
1621673,8
1621673,20
1621673,19
1618829,13
1618829,9
1618829,11
1618829,5
1607851,21
1607851,5
1574910,5
1574910,8
1574910,13
1493004,5
1421903,11
1421903,13
1389373,1
1389373,6
1389373,8
1372443,8
927334,16
1667828,8
1661859,3
1661859,2
1639456,11
1639456,1
1639456,8
1639456,5
1602431,16
1411089,11
1411089,5
1354930,3
1354930,5
1319512,5
1319512,1
1305546,6
1305546,18
1305546,16
1260263,5
1216052,8
1145110,1
1145110,16
659615,3
659615,21
659615,9
1708311,3
1708311,2
1708311,9
1552265,5
1552265,19
1458035,16
1300926,2
1300926,3
1300926,5
1300926,21
1697255,14
1697255,1
1697255,8
1646213,8
1533403,16
1533403,11
1533403,6
1533403,8
1361538,8
1361538,14
1361538,16
1695866,5
1640315,13
1640315,15
1625843,7
1716705,5
1716705,20
1716705,2
1694305,1
1694305,8
1694305,16
1694305,2
1694305,5
1653495,8
1653495,6
1530062,1
1530062,2
1277016,8
1676282,2
1676282,21
1655898,3
1632174,8
1200804,5
1200804,14
1413403,3
1413403,2
1413403,17
1715934,2
1713769,21
1713769,2
1713769,5
1709695,8
1551969,7
1501953,8
1501953,11
1408207,8
1655305,8
1655305,5
1655305,16
1644597,5
1339423,8
1691779,7
1691779,8
1691779,9
1688728,7
1421967,8
1480539,7
797716,9
1711365,11
1711365,13
1711365,16
1418397,8
1418397,14
1713395,8
1712264,8
1569625,1
1569625,5
1566920,3
1566920,8
1566920,13
1498050,5
1498050,14
1389146,1
1389146,2
1301248,5
1712517,5
1712517,8
1686744,11
1678247,5
1678247,9
1617101,5
1533842,21
1533842,2
1533842,9
1499546,8
1499546,14
1477719,8
1423093,5
1423093,8
1423093,7
1403869,5
1568223,5
1568223,21
1084728,3
1084728,2
1084728,5
1084728,21
1084728,9
1078446,1
1078446,5
1078446,9
1693704,6
1693704,16
1693704,5
1608553,7
1608553,5
1592881,8
1472582,8
1472582,21
1444559,11
1444559,16
1444559,1
1444559,6
1699787,9
1699787,5
1699787,20
1625689,13
1625689,16
1498522,8
1498522,21
1716604,5
1716604,3
1716604,20
1716604,23
1715722,8
1715722,19
1673706,16
1673706,11
1673706,8
1339713,11
931285,1
931285,9
931285,2
1275779,15
1275779,16
1523145,14
1226863,21
1226863,5
1226863,2
1226863,9
1226863,3
1084244,3
1084244,21
1084244,5
1084244,2
1477317,14
1477317,8
1304313,11
1304313,13
1007757,2
1007757,3
1007757,21
1007757,9
1122573,1
1122573,16
976912,16
976912,6
1582770,1
1582770,6
1582770,16
1083381,11
1083381,13
1083381,15
1327819,2
1327819,3
1327819,5
1327819,21
1327819,15
1358005,14
1358005,5
1419406,1
1419406,6
1419406,8
1419406,16
1311031,3
1311031,1
1311031,9
1290821,1
1290821,6
1290821,16
1430077,11
1390300,1
1390300,5
1390300,16
1297842,3
1297842,5
1297842,21
1092936,11
1092936,16
1092936,8
1084242,3
1084242,2
1084242,5
1084242,13
1084242,21
1305781,1
1305781,8
1305781,19
1291608,1
1291608,6
1291608,16
1560681,16
1560681,13
1560681,6
980477,3
980477,1
980477,9
980477,2
840464,2
840464,16
840464,15
755898,15
755898,16
1294203,8
1294203,14
1292415,1
1292415,8
1242898,1
1242898,15
1242898,2
301528,21
301528,5
301528,3
301528,2
1171145,6
1171145,16
1613798,1
1613798,16
1184918,21
1184918,3
1184918,15
1184918,2
1156594,14
1156594,8
1630423,1
1630423,8
1630423,14
803796,9
803796,20
803796,5
803796,3
1266127,16
1266127,11
1266127,5
1156593,8
1156593,14
1375646,1
1375646,16
1375646,11
1428990,16
1428990,11
1274706,16
1274706,6
1110034,11
1110034,1
1110034,16
315635,1
315635,2
315635,15
1272837,11
1272837,16
1272837,15
1301421,5
1301421,21
1301421,13
519182,1
519182,3
519182,5
519182,21
519182,15
47971,1
47971,2
47971,6
1584215,1
1022789,3
1022789,2
1022789,5
1022789,21
569094,3
569094,1
569094,2
569094,15
933260,11
933260,15
933260,16
1218925,3
1218925,1
1218925,14
1218925,9
875828,6
875828,8
1539104,3
1539104,1
1539104,9
662712,8
662712,16
662712,6
502356,21
502356,5
502356,2
502356,9
502356,3
829557,14
829557,8
1306368,1
1306368,16
1306368,6
858024,8
858024,14
858024,19
1196067,1
1196067,11
1196067,15
1470130,11
1470130,13
1632181,5
1632181,14
1530510,5
1530510,19
1530510,8
181808,2
181808,1
181808,15
76600,1
76600,2
76600,15
1241982,2
1241982,3
1241982,5
1241982,21
1241982,9
508642,11
508642,13
680493,13
680493,8
680493,11
330457,21
330457,3
330457,2
330457,5
330457,9
324857,3
324857,1
324857,2
324857,15
354912,21
354912,3
354912,20
354912,2
537915,8
537915,14
1408208,11
1408208,13
1290417,11
1290417,16
1011985,1
1011985,2
1011985,3
1011985,5
1011985,21
1011985,9
603692,1
603692,16
603692,6
991494,2
991494,3
991494,5
991494,21
991494,9
1404791,11
1404791,13
1236153,15
1236153,1
1236153,16
829560,14
829560,8
1083637,1
1083637,8
1083637,9
541671,1
541671,16
541671,6
1242265,1
1242265,6
1242265,8
1242265,16
762509,2
762509,21
762509,3
519465,8
1317672,14
1317672,8
378236,3
378236,21
378236,5
1252309,14
1252309,8
1368881,5
1368881,9
1357633,1
1357633,2
1357633,9
1357633,3
1352310,5
1352310,21
1167307,3
1167307,8
1167307,21
1167307,19
1242332,1
1242332,6
1242332,16
1062722,8
1062722,9
1062722,11
1387382,1
1387382,8
1387382,16
1115544,5
1115544,15
1115544,6
666277,8
666277,14
315162,3
315162,2
315162,9
315162,5
315162,21
848116,5
848116,8
848116,21
848116,14
664413,14
664413,8
664413,6
581528,1
581528,6
581528,16
1340110,15
1340110,16
1340110,11
1340110,6
1368314,11
1368314,16
1241634,14
1241634,8
1241634,20
1383731,1
1383731,16
818647,14
818647,8
818647,5
985939,16
508883,3
508883,9
508883,8
1054867,16
1054867,6
1054867,5
637649,16
637649,6
637649,8
284053,1
284053,15
284053,5
466272,5
466272,8
466272,16
1175942,21
1175942,5
1175942,6
1175942,2
1175942,3
823464,1
823464,2
823464,15
1352874,11
427641,1
427641,2
427641,15
321612,21
321612,9
321612,14
588228,1
588228,15
588228,2
1010755,11
1010755,16
1257009,1
1257009,11
1257009,17
1257009,15
337404,5
337404,6
337404,8
781732,1
781732,6
781732,8
1268127,16
1268127,1
1268127,8
1119090,3
1119090,21
1119090,9
1119090,11
1119090,2
411088,8
411088,13
411088,16
1022787,2
1022787,3
1022787,5
1022787,21
1022787,15
419430,13
419430,16
419430,11
530442,8
530442,16
530442,23
1197137,11
1197137,16
1117857,2
1117857,3
1117857,5
1117857,21
1117857,9
508947,3
508947,21
508947,5
508947,9
338953,9
338953,2
424783,1
424783,2
424783,15
823219,2
823219,3
823219,21
823219,9
260514,3
260514,8
260514,21
587412,1
587412,16
587412,2
587412,6
568124,3
568124,5
568124,21
568124,9
345940,1
345940,15
345940,11
916224,3
916224,8
916224,2
916224,9
508442,3
508442,21
508442,8
508442,20
508442,9
976573,3
976573,5
976573,21
976573,9
976573,14
592695,8
420818,2
420818,8
420818,21
420818,3
613504,8
613504,14
810693,3
810693,1
810693,9
515916,8
436969,1
436969,5
436969,2
615453,3
615453,9
615453,2
438148,5
438148,6
438148,15
438148,3
438148,21
508943,3
508943,21
508943,9
508943,8
508943,5
324552,1
324552,16
324552,6
945961,11
945961,15
370663,8
370663,14
166426,2
166426,1
166426,9
1173558,8
1173558,13
1173558,14
752623,1
752623,2
752623,5
166428,3
166428,21
166428,2
1144107,3
1144107,9
1144107,1
1144107,2
601796,15
601796,1
601796,9
601796,2
399579,1
399579,15
399579,2
