movie_id,vote_average,vote_count
19995,7.2,11800
285,6.9,4500
206647,6.3,4466
49026,7.6,9106
49529,6.1,2124
559,5.9,3576
38757,7.4,3330
99861,7.3,6767
767,7.4,5293
209112,5.7,7004
1452,5.4,1400
10764,6.1,2965
58,7,5246
57201,5.9,2311
49521,6.5,6359
2454,6.3,1630
24428,7.4,11776
1865,6.4,4948
41154,6.2,4160
122917,7.1,4760
1930,6.5,6586
20662,6.2,1398
57158,7.6,4524
2268,5.8,1303
254,6.6,2337
597,7.5,7562
271110,7.1,7241
44833,5.5,2114
135397,6.5,8662
37724,6.9,7604
558,6.7,4321
68721,6.8,8806
12155,6.4,4645
36668,6.3,3525
62211,7,3528
8373,6,3138
91314,5.8,3095
68728,5.7,3530
102382,6.5,4179
20526,6.3,2841
49013,5.8,2033
44912,5.1,2487
10193,7.6,4597
534,5.9,2463
168259,7.3,4176
72190,6.7,5560
127585,7.5,6032
54138,7.4,4418
81005,5.5,2598
64682,7.3,3769
9543,6.2,2317
68726,6.7,4794
38356,6.1,3299
217,5.7,2495
105864,6.6,1736
62177,6.7,4641
188927,6.6,2568
10681,7.8,6296
5174,6.1,783
14161,5.6,4903
17979,6.6,1095
76757,5.2,2768
258489,5.5,2430
411,6.7,2629
246655,6.4,4721
155,8.2,12002
14160,7.7,6870
15512,6,1423
1726,7.4,8776
44826,7,2141
8487,5.1,1020
1735,5.2,1387
297761,5.9,7458
2698,5.3,1151
137113,7.6,4858
9804,5.9,992
14869,5.6,1962
150540,8,6560
278927,6.7,2892
10138,6.6,6849
58595,5.8,3118
102651,7,4496
119450,7.3,4410
79698,4.8,34
64686,5.9,1326
100402,7.6,5764
10192,6,1959
158852,6.2,2846
177572,7.8,6135
82690,7.1,4570
5255,6.4,1474
47933,4.9,2491
10191,7.5,4227
296,5.9,2143
118340,7.9,9742
157336,8.1,10867
27205,8.1,13752
315011,6.5,143
49051,7,8297
9799,6.6,3428
4922,7.3,3292
49538,7.1,5181
131634,6.6,3984
27022,5.8,1470
503,5.5,583
241259,6.5,1725
810,6,2278
68735,6.3,2268
87101,5.8,3631
10140,6.2,1514
676,6.6,1791
1858,6.6,4040
1966,5.6,927
675,7.4,5494
674,7.5,5608
8960,6.2,2961
6479,6.9,4853
118,6.7,3624
2062,7.5,4369
272,7.5,7359
10527,6.2,1810
18360,5.9,1971
2080,6.2,4021
605,6.4,3096
109445,7.3,5295
604,6.7,3443
76338,6.8,4755
76341,7.2,9427
13448,6.5,2129
10195,6.6,6525
13053,6.3,1750
19585,5.1,510
57165,5.5,1431
62213,5.7,2320
177677,7.1,3224
7978,5.5,549
5559,5.7,1171
49444,6.7,1880
10196,4.7,1151
956,6.5,2028
117251,6.4,1891
50321,5.5,199
11619,6,874
266647,5.9,954
82703,6.7,843
652,6.9,2759
80321,6.4,1808
36669,5.8,1092
43074,5.3,2142
95,6.4,2482
608,6,3114
2310,5.5,841
140300,6.7,1603
56292,6.8,3972
81188,7.1,1922
7552,5.9,627
616,7.3,1895
147441,5.6,1921
13475,7.4,4518
557,6.8,5265
82702,7.6,3106
205584,5.3,1277
10048,4.9,331
13183,7,2811
944,6.3,767
1927,5.3,1533
72559,5.4,3025
7364,5.7,434
2114,5.9,433
1771,6.6,7047
36643,6,862
8619,6.9,790
50620,6.1,2553
65759,5.8,373
1724,6.1,3021
267935,6,1000
281957,7.3,6396
77950,6.1,1074
44896,6.6,2051
270946,6.5,1346
2503,7.3,2888
9502,6.9,3145
102899,7,5880
101299,7.4,6495
228161,6.8,1519
74,6.2,2322
8961,6.3,1564
417859,6.4,451
27576,6.2,2093
86834,5.6,2350
17578,6.7,2061
673,7.7,5877
6972,6.3,694
82700,5,2532
10567,6.2,542
181533,6.1,1851
38055,6.7,1918
671,7.5,7006
49524,5.4,1260
22,7.5,6985
131631,6.6,5584
591,6.5,2704
172385,6.3,978
36658,6.8,3506
51497,7.1,2438
58574,7,3886
18823,5.6,2233
861,7.1,1710
1911,6.4,510
49040,6,2651
415,4.2,1418
8871,6.2,1386
435,6.2,2392
955,5.9,1928
2133,6.2,597
1979,5.4,2589
87827,7.2,5797
1250,5.2,1712
324668,5.9,2341
9471,5.2,914
70981,6.3,5080
10996,5.4,613
68724,6.4,3439
2789,6.3,1570
97020,5.7,2342
7459,5.7,354
42888,4.9,223
37834,5.9,1547
75612,6.4,4800
1895,7.1,4116
1894,6.4,3992
585,7.5,5996
76170,6.3,4053
1893,6.3,4432
49519,6.8,2399
2395,5,471
12100,5.8,341
290595,6,1523
98566,5.8,2636
49047,7.3,5751
9619,5.7,428
308531,5.8,963
166424,4.4,2278
1593,6.3,2862
254128,6,2968
714,6,925
2024,6.8,1099
163,6.4,2124
787,6.5,2965
262500,6.2,3829
2567,7,1489
38745,4.9,621
40805,5.5,1251
53182,6.1,2397
41513,5.5,1179
13700,5.7,389
262504,5.9,1998
39254,6.6,2692
77931,5.5,695
1639,4.1,434
80274,6.6,2303
1571,6.4,2089
120,8,8705
10204,5.7,672
8489,6.7,447
10588,4.9,366
2048,6.7,3793
1495,6.6,1157
10137,5.8,959
10198,6.7,1247
286217,7.6,7268
1635,6.5,1770
24113,3.7,16
9679,6.1,1485
98,7.9,5439
180,7.1,2608
672,7.4,5815
36557,7.3,3855
869,5.6,1243
280,7.7,4185
11322,6.5,1344
4982,7.4,1502
36955,6.8,1116
18487,6.2,954
39451,5.4,1060
27581,6.1,1383
9268,5.6,543
68718,7.8,10099
10545,6.8,1129
11688,7.2,1490
76163,6.1,2896
2059,6.4,1926
2486,4.9,967
16523,6.4,572
116711,6.4,1121
37710,6,1699
9946,5.5,482
1372,7.3,2281
106646,7.9,6571
414,5.2,1498
563,6.7,1560
83542,6.6,2977
41216,6.5,703
314,4.2,808
184315,5.6,1680
9016,7.2,948
18162,5.3,381
138103,6.1,1795
257088,5.5,783
10214,3.6,338
205775,6.5,1276
11692,4.4,142
22972,6.4,717
227973,6.5,604
29193,7.1,73
1734,6,2206
3131,7.1,1910
76758,7.1,187
9408,5.9,601
9890,5.4,334
855,7.2,1811
77953,5.6,578
18,7.3,3885
37786,5.4,426
10501,7,858
57800,6.2,2672
150689,6.7,2374
7980,6.6,1065
12,7.6,6122
122,8.1,8064
121,8,7487
68737,5.2,957
1995,5.7,2192
157353,5.9,2295
331,5.7,2077
61791,7,4347
8204,6.3,572
47964,5.2,3493
10733,5.8,106
9806,7.4,5152
1408,5.7,136
32657,6,2010
607,6.9,4412
863,7.3,3806
44048,6.3,1165
5175,6.4,1054
2655,6.3,488
22794,6.5,1747
8355,6.5,2271
116745,7,3144
4327,5.6,1232
1422,7.9,4339
10674,7.6,2008
7446,6.5,1667
65754,7.2,2434
1572,6.9,2066
10528,7,5766
271969,5.3,621
10865,6.7,1224
258509,5.8,428
2253,6.7,1173
10661,5.5,1048
257344,5.6,2513
644,6.8,1974
10756,5.2,466
686,7.2,1308
9383,5.6,634
179,6.2,392
76285,5.9,1648
1996,5.5,1418
291805,6.7,3235
10003,5.9,302
1535,6.8,579
2067,5.7,369
46195,6.5,2166
2277,6.9,963
10357,5.2,376
4477,5.9,290
8665,6.1,264
9387,6.6,650
921,7.3,616
49852,5.4,50
4464,6.7,216
664,6.1,950
8358,7.5,3218
9836,5.9,1410
2502,7.2,2825
9772,6.2,840
161,7.2,3783
52451,5.6,924
76492,6.8,2566
4523,6.6,1449
59961,6.3,1345
10481,5.1,313
59108,5.8,932
1581,6.7,1225
9798,6.7,1240
22897,6.2,360
298,6.5,1999
7484,6.1,656
157350,6.9,4663
853,7.2,999
10159,6.4,514
9593,6.1,712
1904,7.3,652
9615,6.1,1705
51052,6.7,333
297,6.9,1147
9884,5.5,427
16858,7.3,85
62764,5.5,1114
22538,7.2,2126
9341,5.4,516
12107,4.7,332
9637,5.4,820
49049,6.6,1940
9339,6,2104
16281,6.7,226
39691,4.9,119
8247,5.9,1799
11253,6.5,1527
1949,7.3,2023
8452,5.7,595
310,6.4,3012
27578,6,2926
954,6.7,2631
70160,6.9,9455
45243,6.2,3739
364,6.6,1673
7518,6.3,1074
11544,7.1,1314
9986,5.8,288
8656,5.9,855
146216,6.4,1526
9291,6.2,785
55301,5.4,484
109418,5.8,1155
11665,6,1051
6964,6.3,410
11324,7.8,6336
12193,5.3,331
9928,6,1333
754,6.8,1583
10202,5.9,901
4147,7.3,1077
50546,6.3,1543
1701,6.5,1270
13027,6.3,1018
2289,6.7,533
20504,6.6,2164
9574,5.3,695
11618,5.2,369
2300,6.5,1288
12096,5.6,550
10200,5.2,1043
8834,6.5,431
228150,7.4,3946
6068,5.6,332
41515,5.2,220
9023,7.4,831
38317,5.3,498
2157,5,388
14462,6.2,393
161795,8,1
159824,6.7,1497
49948,7,292
2135,5.8,631
9822,5.9,208
9705,6.1,932
1656,5.9,893
12159,6.8,577
9678,5.2,438
4442,5.6,818
75,6.1,1509
330770,6.4,47
9433,6.7,349
19959,5.9,1195
11973,6.9,189
11228,5.8,378
77951,5.2,133
5491,3,255
10715,5.6,297
10197,5.1,165
9562,5.4,318
9922,6.1,299
9447,5.2,305
274854,5.7,1316
8870,5.4,267
9992,6,639
36970,7.3,111
10077,4.8,111
76649,5.2,1267
293644,5.3,9
453,7.7,3009
8587,8,5376
72545,5.8,1030
109451,6.4,915
9533,6.7,1115
2023,6.5,318
71880,4.1,604
584,6.2,2028
309809,7.6,756
4858,5.7,359
17711,3.9,87
328111,5.9,3462
8698,5.7,1155
93456,7,4637
602,6.7,3260
330,6.2,2487
953,6.6,3237
9693,7.4,2071
36657,6.8,4097
8909,6.4,2528
9802,6.9,1456
950,6.5,2951
1824,6.6,2105
2976,6.5,709
11026,4.7,183
332,4.3,318
75656,7.3,5487
38365,6,1705
594,7,1910
15189,5.7,202
11678,5.9,283
6538,6.5,338
10555,5.8,1557
1125,6.6,284
4551,5.4,292
612,6.9,696
9567,6.4,573
37821,5.7,772
203801,7.1,2265
2539,5.8,369
9297,6.3,874
3172,6.2,302
6520,5.9,311
1439,6.4,197
37958,5.7,880
2026,6.2,512
7450,6.3,313
11375,5,166
9425,6.1,221
25769,5.8,282
23685,4.3,78
11866,5.7,276
9741,6.9,1946
211672,6.4,4571
23629,5.9,1623
8688,5.8,327
10153,5.8,476
153518,5.9,1022
8676,5.4,444
20829,5.7,390
4349,6.5,513
9718,6.2,491
10808,4.9,410
197,7.7,3336
25,6.6,765
35,6.9,2264
11086,6.6,188
10477,4.5,179
1997,6.9,180
6947,6.2,1071
3050,5.4,686
2675,6.4,1599
809,6.7,2988
920,6.6,3877
4806,5.7,455
7451,5.8,1424
228165,5.8,719
3595,6.4,470
16869,7.9,6430
879,6.6,1532
1573,6.6,1896
9257,5.8,770
1903,6.5,1078
9697,5.3,409
395,5.5,1217
23398,5.4,666
10590,6.7,521
117263,6.2,2981
200,6.3,391
44943,5.5,1448
587,7.6,1994
10395,6,216
57212,7,992
152760,5.8,1523
2756,7.1,808
33909,5.8,493
49017,6.2,2389
9882,6,352
2270,7.1,1184
978,7,630
44564,5.2,304
3132,5.4,228
8814,5,609
8427,5.2,269
52520,6.1,1862
80585,6,385
10592,5.9,241
49021,6.1,695
11535,3.4,106
10550,4.3,97
11258,5.5,179
12610,5.9,228
59981,5.9,43
201088,5.1,826
5137,5.7,439
3093,4.6,180
107846,6.7,1659
188207,4.4,533
4614,5.9,437
24021,5.8,2301
11371,6.7,423
20352,7.1,6478
11517,5.4,222
214756,6.2,2463
26428,6.9,395
9824,5.7,250
48988,5.4,611
9008,7.3,481
300673,6.3,588
12113,6.5,895
38778,5.5,531
72331,5.5,1269
1844,6,602
846,6.6,488
9703,5,207
857,7.9,5048
136797,6.1,1520
3981,6.1,992
425,7.1,3857
6171,5.3,567
72976,6.7,1429
603,7.9,8907
568,7.3,1599
9021,5.5,297
82695,7.1,1884
9489,6.3,838
12133,6.5,1062
9342,6.3,1183
41733,6.2,1685
227306,7.3,1400
5551,6.3,403
9350,6.1,588
9208,5.7,453
4244,6,238
1852,5.9,447
11820,6.5,393
76493,5.9,1743
345,7.1,1234
196867,6,466
256591,6.7,2542
59962,5.9,1389
36648,5.7,1252
1880,6.4,215
9440,6.1,94
71679,5.6,1600
10483,6,1175
11412,6.5,314
11983,6,208
6795,6.1,779
550,8.3,9413
11170,6.7,186
9292,5.4,269
10783,4.9,52
100241,5,687
257,6.7,274
9947,4.8,575
189,6.3,1286
12618,5.3,63
253412,6.7,1772
1427,7.1,1165
818,5.9,979
16577,6.1,409
329,7.6,4856
12160,6.5,202
9331,6.4,386
300168,5.9,145
9072,5.3,261
3536,6.1,340
9087,6.5,195
12177,4.3,242
12138,5.8,178
273248,7.6,4274
9955,5.9,569
50359,5.5,331
1271,7,4997
693,6.1,1373
14306,6.9,1343
497,8.2,4048
11199,5.6,648
9982,5.6,944
210577,7.9,5862
2501,7.3,3583
710,6.6,1174
2275,6.1,205
37165,7.8,4537
9837,6.8,817
10708,5.6,506
136400,6.6,1589
10992,5,352
9654,6.6,1919
2642,5.9,487
8916,6,1272
19899,5.3,588
2119,5.9,353
9641,5.7,526
294254,6.4,3040
38167,5.8,636
5994,6.5,521
39514,6.6,2808
9563,6.8,422
547,6.7,292
1538,7,1451
9334,5.3,779
11128,6.2,207
75780,6.3,2998
8914,5.6,604
13576,6.7,247
39538,6.2,1325
10628,4.3,203
14836,7.3,1386
8645,4.9,950
9509,7.3,1553
10067,4.5,137
9384,5.6,644
9279,5.5,575
1487,6.5,2225
9422,6.1,109
77174,6.7,789
4824,6.1,527
9620,5.9,581
9302,5.9,50
10199,5.8,258
10771,5.3,483
3512,5.6,210
137094,5.9,1173
274479,6.4,1581
267860,5.8,1621
8078,5.9,1365
7485,6.9,1462
170687,6.6,668
6435,6.3,338
137106,7.5,3070
10040,5.3,425
6278,6,669
82682,6.2,1778
17610,4.6,524
22954,7,1125
16995,6.7,484
16558,5.7,201
9849,5.1,80
5820,5.8,225
16866,5.6,556
201,6.1,479
11775,5.8,391
87825,6.6,366
12201,6.2,487
11015,5.8,130
9932,5.7,380
13389,5.9,375
8838,6,368
17332,6.6,234
4958,6.3,251
786,7.4,797
9513,5.1,464
11679,4.7,549
38321,5.4,692
14411,6.6,372
8413,6.5,742
10052,6.1,204
9676,5.7,287
9664,6.3,271
2100,7,285
10384,4.9,109
137321,6,487
123553,6.2,1602
11260,5,371
9009,5.3,274
11374,5.7,166
2309,6,592
8285,4.7,320
210860,5.4,1055
2312,4.1,224
9839,6.7,110
381902,6,24
13922,6.8,91
293660,7.4,10995
9713,4.9,111
190859,7.4,4469
257445,6.2,995
9007,6.5,579
889,4.4,134
1370,5.7,690
4942,5.7,130
347969,4.9,388
24438,5.1,276
116741,6.1,1658
35791,5.8,1363
72431,5.9,178
1813,7.2,1374
87428,5.5,453
8840,6.4,535
10589,6,226
71676,4.7,1135
1722,5.5,145
10022,5.8,842
11358,6,381
13,8.2,7927
6477,5.5,1177
1597,6.6,1698
10530,6.7,1457
1924,6.9,1022
9327,5.4,702
8488,6.4,1665
10603,5.4,496
8273,6,1129
109424,7.6,2454
35056,5.9,1122
8839,6,1019
156022,7.1,2954
7303,5.6,485
8963,7,498
1402,7.7,2525
9315,6.1,772
8984,5.9,210
795,6.4,529
24,7.7,4949
11353,6,254
393,7.6,3948
9618,6.1,458
9374,6.3,636
8584,6.2,735
2320,5.8,256
58224,5.7,751
1729,6.3,461
175574,5.7,254
8077,6.2,1633
8818,5.9,120
8195,6.7,658
10586,6.4,236
116149,7,883
80035,5.3,881
10632,6,189
12117,6.2,146
1792,5.1,188
13260,5.4,251
72197,6.4,374
3580,7.3,1131
12123,5.3,284
9566,5.7,194
9833,7,438
4517,6.6,303
8202,5.4,703
16072,6.1,48
34314,5.2,62
19724,5.7,134
145220,6.2,316
14623,4.2,91
42297,6.9,573
2841,7.1,346
802,7.3,395
10375,5.3,123
36586,6.2,1528
11321,7.5,2039
70074,5.2,481
242,7.1,1546
9621,6.1,327
1819,5.4,407
8536,6.5,629
8046,3.5,104
1717,5.7,95
479,5.5,308
9444,7.4,1432
824,7.4,1300
11456,5.4,113
261023,6.3,1242
3683,6.7,526
22803,7.2,1486
285923,6.8,459
39437,5.9,26
1950,5.4,81
640,7.7,3795
97630,6.7,1702
9767,5.6,832
11631,6.4,1386
32856,5.7,1013
6519,5.1,316
8741,7.2,771
49520,5.9,736
1850,6.9,435
524,7.8,1307
26389,6.1,675
11817,5.1,278
2123,6.1,927
9907,5.3,225
9969,5.1,109
18239,5.6,2436
808,7.3,4056
38050,6.5,1652
8367,6.6,909
9390,6.7,913
72105,6.3,4697
2898,7.2,915
10312,7,832
109443,6,923
2022,5.6,644
37686,6.6,2435
462,7.1,716
9919,6.3,850
187017,7,3319
628,7.2,1516
10201,6.4,1813
302699,6.2,1650
9441,6.9,277
274167,5.8,854
224141,5.6,1652
388,7.3,1630
2112,6.7,548
10329,5,213
74465,6.5,909
13811,5.9,1486
6877,5.5,399
10320,5.4,632
50646,7,2443
8920,5.2,820
13673,5.2,193
60308,7,1381
6950,6.3,513
225574,6.8,2268
13836,5.5,509
752,7.7,4442
6038,6,692
9975,6.2,106
11451,5.1,542
12103,6,220
60304,5.7,3239
2251,6.3,276
46529,5.9,1567
231,6.3,451
300671,7,938
228326,7.3,755
9754,5.6,267
66,6.4,223
4421,6,395
2649,7.5,1506
588,6.3,1067
10393,6.1,203
71552,6.1,1611
9631,6.8,582
216282,5.8,817
306,5.5,434
928,6.2,652
205587,7.2,1417
6623,5.8,255
1577,6.1,1267
9801,6.1,750
2116,6.1,298
9624,4.5,104
14199,4.4,269
1907,6.3,1233
4599,5.9,189
22832,6.2,371
10390,6.3,88
9879,4.4,205
38579,5,149
44603,5.8,510
11892,6,268
9691,6,387
1248,6,654
12220,5.9,75
72710,6,1817
10782,6.2,286
9573,6.1,206
4959,6,368
10061,5.6,373
10386,7.6,1436
421,7.1,775
316152,6.6,428
11615,7.3,480
13498,5.4,120
241554,6.3,1148
2252,7.2,848
11968,5.8,458
10047,6.2,367
38319,5.2,501
69668,5.8,391
9770,5.9,81
11212,5.8,274
10533,5.5,108
38363,6.5,235
9923,6,444
11863,5.2,44
18501,5.6,760
109491,5.6,984
9275,5.9,132
329833,4.7,797
12634,5,76
10416,5.4,37
47327,5.3,600
15268,3.9,112
10796,5.7,437
9548,6.2,71
18947,7.2,666
1900,6.9,562
89,7.6,3152
96724,6.5,639
198184,6.6,3062
9481,6.5,826
4547,6.5,1267
53953,4.3,13
6415,6.6,692
181283,6.1,547
9896,6,518
167,7.1,695
11232,6,418
1636,5.6,512
2148,6.6,68
5176,6.9,1188
260346,6.1,2200
1389,6.5,333
9894,5.7,594
7504,6.6,9
8592,5.9,251
913,6.6,339
11091,6.5,103
1368,7.2,1488
593,7.7,357
5393,4.6,104
9095,5.7,74
8874,6.3,584
11467,5.5,252
320,6.8,1148
199,7,661
20533,4.4,420
10684,6.2,232
1624,6.4,1424
325789,6.6,573
113464,6.5,2
888,5,543
82675,6.1,2757
4256,5.8,912
1493,6.1,961
88751,5.8,1309
11130,6,697
9944,6.3,371
10731,6.4,278
7350,7,1111
9869,6.3,433
4379,5.6,406
146233,7.9,3085
2034,7.3,1634
926,6.9,710
4248,5.4,982
64328,6.5,501
36647,6.5,1905
7214,7.3,496
1537,5.9,299
9360,4.7,610
6282,5.8,575
508,7,1869
9487,6.8,2303
768,6.6,741
2636,5.5,313
10478,5.9,150
27983,6.2,26
9981,5.6,176
7453,6.6,1315
15045,4.3,69
7737,6.1,1292
232672,6.6,1006
17379,6.4,119
8987,6.1,210
11359,5.9,134
82525,6.2,766
9759,6.1,537
9486,6,852
9906,5.5,366
841,6.5,562
4688,7.1,410
4148,6.7,796
2207,6.2,661
9381,5.4,676
9625,4.7,100
9304,5.5,154
20856,5.3,244
5955,6.5,215
9899,6.1,151
9826,4.7,136
21355,5.8,60
10858,7.1,71
11439,6.7,670
9457,6,154
12412,6.3,90
1494,6.6,203
13184,5,332
2185,6.3,80
6639,6.4,81
38153,4,11
58233,6,1007
116977,2.3,28
68734,7.1,3423
5503,7.2,1220
27573,5.5,858
819,7.3,715
1369,6.3,864
9623,5.5,89
10895,6.9,1355
10935,6.4,55
834,6.4,1528
228066,5.6,685
711,7,302
10468,6,208
10027,6.6,518
11812,5.3,280
37233,6.6,501
37950,6.8,566
27582,6.3,1045
64688,6.7,4074
509,7,1262
7443,6.5,1150
5966,5.8,773
11066,5.4,134
136795,6.5,1575
8095,6.7,146
87826,6,593
11560,6.1,184
25189,6.5,47
2637,6.1,305
18480,5.4,518
709,5.9,541
49730,5.6,922
2749,5.7,191
9607,4,232
1830,7,1335
79,7.2,635
54054,5.3,388
228967,6.1,2304
46528,6.3,136
27936,6.8,148
65,6.8,1626
280391,5.3,125
9476,6.6,907
10610,5.3,281
745,7.7,3147
49527,6.2,925
73937,5.6,248
1885,6.9,891
168672,6.8,2807
18240,6.7,1804
10398,6.2,278
165,7.4,3829
240832,6.3,5878
216015,5.2,3254
12279,4.7,511
1645,7,509
11007,6,699
193756,7.4,1526
11287,6.7,354
259693,7,1949
37799,7.1,3391
10184,6.2,959
4257,5.3,750
4234,5.7,736
196,7.1,2900
257091,5.9,944
6114,7.1,1056
24803,6.6,560
109410,6.8,787
1213,7,767
100042,5.4,1127
9036,6.7,542
257211,7.1,1881
323675,6.1,555
9361,7.1,732
1677,7.2,467
187,7.2,2691
7461,6.2,716
16538,6.5,515
9889,5.7,731
820,7.5,502
11565,5.4,371
6073,5.8,441
16996,6.1,1350
193610,6.2,1437
19912,5.4,831
296098,7.2,2583
8007,6,457
32823,5.9,612
4380,5.9,297
11551,6.2,511
10336,5,336
11362,7.3,453
50348,7,902
48138,6.5,1265
1124,8,4391
227159,6.1,1536
68179,5.7,332
1579,7.3,1221
708,6.2,440
34851,6,1206
9930,5.8,51
1586,6.4,972
2044,6.5,670
9913,6.4,573
71864,6.5,386
10761,6,394
209451,6.8,255
11975,6.7,235
4970,5.8,629
11831,6.8,316
9096,5.8,114
440,4.9,740
11011,5.4,415
10641,5.7,135
11172,6.2,554
39513,6.5,1789
82687,5.4,284
41446,6.1,902
8224,6.1,474
10537,6.7,275
225886,5.3,1695
10385,5,40
55779,5.9,866
10154,5.3,140
10647,7,432
11431,5.9,182
8457,5.5,275
188161,5.8,1468
8850,5.4,138
64685,6.9,708
38357,6.1,412
10060,6.3,186
11398,5.6,135
1833,6.7,155
10391,4.9,71
8970,5,45
9306,4.6,147
11370,5.2,56
12184,6.4,477
1921,6.4,278
1683,5.4,205
203,7.2,345
11858,5.9,81
62835,6.5,824
18937,6.9,190
13536,5.7,92
15556,5.9,48
10718,4.7,119
11062,6,67
10802,4.9,256
1887,6.5,642
6071,5.7,81
10461,4.8,145
80278,7,2025
12704,4.2,28
10315,7.5,1176
16643,5.7,124
2687,5.7,125
194,7.8,3310
11025,5.5,185
8849,5.6,248
78698,6.6,152
30943,5.9,54
9544,3.2,105
24418,5.5,348
7288,5.9,482
14655,6.3,47
24575,5.2,21
10366,4.2,135
19898,6.5,774
4965,6.1,135
15074,5,28
56715,4.8,171
1272,7,1182
72358,6,373
20542,5.4,15
266396,5.5,392
9978,5.1,213
8271,6.6,1006
10428,6.2,398
5353,6.6,96
11934,7.1,275
14392,6.3,83
19495,4.3,17
110415,6.7,2854
77459,6.5,313
26486,5.9,15
9495,7.3,953
256040,7.5,135
24420,6.7,798
1257,5.8,191
62214,6.6,932
16320,7.4,1264
8842,4.5,32
9531,5.3,490
64807,6,433
12289,7.1,205
11529,6,394
20943,6.4,972
9099,5.5,94
9488,5.3,521
193,6.4,452
44865,6.3,273
55787,6.7,850
257932,6.8,19
10400,7.2,396
1957,6.2,264
10833,5.7,254
256961,5,567
5852,5.6,88
12312,5.5,40
622,6.3,756
11306,5.7,80
12508,6,190
25793,6.9,417
10534,6.3,86
1091,7.8,1588
87421,6.2,2035
10871,5.8,52
13503,5.4,19
13600,6.2,605
68722,7,701
14324,4.3,75
14325,7.1,71
299687,5.6,1945
312221,7.3,1915
23168,7,1468
76494,5.8,594
4944,6.5,1222
10488,5.6,330
96721,7.7,2277
334,7.5,825
23742,5.3,511
259694,5.9,1201
62837,6.7,163
8966,5.8,3561
8470,7,594
11001,6.1,352
138832,6.8,2972
16911,5.3,23
2163,6.6,198
36670,5.8,338
23048,6,894
227735,6.7,96
2155,5.4,173
222936,5.2,692
31908,6.2,40
10219,6.3,32
48171,5.8,556
782,7.5,1808
75531,4.6,14
11802,5.2,99
9776,5.3,71
18785,7.2,6173
365222,6.5,379
817,6.2,1011
268,7,2096
45054,5.9,27
943,6.4,811
22881,7.2,1597
10054,5.5,867
51540,6.5,2277
44264,7.2,1668
350,7,3088
152,6.2,530
109431,5.6,1645
1598,7,675
8065,6.5,1375
271718,5.9,1181
11638,5.5,225
409,7,542
2118,7.7,1310
11459,5.8,550
10806,6.3,177
9348,5.5,453
377,7.2,1180
8843,6,436
9313,6.3,1018
39486,6.8,103
1273,6,345
13920,6.8,141
50544,6.5,2237
325133,5.6,1462
140823,7.3,1226
1883,7.2,370
89492,5.6,896
22949,5.2,210
12437,6.2,1428
2959,5.2,253
9957,5.2,242
11648,5.8,140
9366,7.4,1147
1576,6.4,2065
609,7,794
5516,6,415
13051,5.2,613
49530,6.7,3417
34806,5.7,458
49022,5.9,296
11469,5.1,287
23479,6.9,97
11667,4.1,325
423,8,1864
2447,6.4,35
10066,5.5,677
2288,6.7,811
88794,6,741
13515,6,485
11979,5.4,239
169,5.9,730
8090,5.9,238
11622,6.3,245
3604,6.1,233
9541,5.8,325
94348,5.1,300
8197,6.3,157
336004,5.6,318
35019,6,436
10410,6.1,81
8836,5.5,523
14442,5.9,437
321741,7,823
59965,5.6,961
14175,5.2,235
11004,6.9,161
11918,4.9,379
98357,5.7,593
10012,5.1,167
49526,6.2,832
268920,5.4,647
9093,6.5,159
119283,5.7,1455
11823,6,293
35169,4.6,149
118957,5.3,191
849,5.8,129
4515,6,216
18886,5.7,31
6575,6.6,212
6440,6.4,108
13496,5.7,55
18320,7,322
22787,5.3,220
8967,6.5,987
37498,4.7,64
144336,5.5,555
9616,4.8,91
13056,5.6,294
14113,4.9,135
285783,6.9,1121
49478,4.7,9
9726,6.5,357
20763,6.6,53
9702,7.7,115
9311,6.6,60
9280,6.2,142
26843,7.4,34
11876,6.7,25
22267,6.6,49
45958,7,291
1969,5.8,307
310706,0,0
198663,7,5371
239573,5,320
10436,7,169
1381,6.8,827
2162,5.3,29
127493,5.1,344
12429,7.5,926
228205,7.3,1064
2900,5.4,254
21311,5.3,18
77875,5.4,240
192136,6.5,224
18254,7.1,67
881,7.1,877
10877,5.3,110
9600,5.6,506
202575,6.3,121
71469,4.8,469
85446,6.7,663
326,5.1,497
10685,4.9,110
7220,6.1,766
9763,6.6,238
72387,6.3,799
12596,5.7,116
1892,7.9,4665
13460,5.8,363
8055,7.2,813
50647,5.3,394
10719,6.4,987
9294,6.2,323
11888,5.3,185
9647,6.7,390
9353,5.6,359
55721,6.5,1661
109414,6.3,2359
10307,6,242
11978,7,544
22907,6,394
87567,5.7,414
38322,5.3,313
45612,7.1,2699
7305,6.7,374
3594,6.3,1018
157841,6.7,232
11519,5.6,143
12920,6.3,67
59,6.9,832
9335,6.2,1061
12106,6.3,427
11141,5.6,104
8649,6.6,225
31867,6.2,620
10253,4,104
3587,5.4,44
124459,5.3,724
24662,7.1,24
32274,7.2,18
182,5.9,86
5494,5,13
28,8,2055
38073,6,262
2054,6.9,113
302156,5.7,557
606,7,279
87502,6.5,2415
698,5.9,541
120467,8,4519
11313,6.4,131
6488,6.2,433
10559,7,462
296099,6.2,1195
8012,6.4,302
1574,6.9,677
9032,6.1,875
2770,6,1344
862,7.7,5269
1637,6.8,1783
72570,7,1293
27569,6,89
10637,7.4,821
1669,7.2,957
132363,7.2,1101
9472,6.2,981
2907,6.7,848
9273,6.1,1099
9880,6.5,1023
2925,6.5,166
807,8.1,5765
17654,7.3,3382
11836,6.7,574
322,7.6,1422
70,7.7,2439
9535,6.4,503
11036,7.7,3067
6557,6.1,978
18126,6,449
16340,6,100
10333,5.9,56
4476,7.2,619
22947,6.7,1205
2755,6.7,362
82654,6.4,2652
59967,6.6,4697
16300,4.9,95
9598,6,733
82696,5.8,284
9870,6.4,1172
8292,6.7,607
8780,5.8,205
9715,5.8,81
10521,5.9,856
10762,5.3,214
10096,6.3,1204
59436,7.4,1990
227783,5.5,319
4133,7.4,1317
10207,5.8,196
172,5.6,376
21972,5.7,100
36593,6.3,521
707,6,506
533,6.8,643
6023,6.9,977
6439,5.1,123
4347,7.4,1049
37056,6.6,796
4105,6.2,243
76489,4.9,140
3933,7.2,1894
9918,7.2,144
273481,7.2,2416
307081,7.3,2067
16871,6.2,966
293863,7.4,1990
13156,6.9,260
41233,6.6,582
9266,5.6,159
1262,7.1,721
4513,6.2,767
22970,6.5,2263
7278,3.7,359
9013,7.2,238
865,6.4,703
10776,6.6,384
50456,6.5,1263
9823,3.8,221
59861,5.7,359
133805,5.8,1463
12763,6.6,162
9766,6.5,206
14034,5.1,66
12244,6.6,1262
109421,6.4,1323
11137,5.9,278
51162,6.8,258
10152,4.1,210
9452,6.3,66
239566,6.4,158
53113,6.2,27
9271,5.4,163
4474,4.8,442
184346,5.9,690
48340,5.8,339
14846,5.2,112
72207,5.7,457
16232,5,66
43539,6.9,905
9920,4.8,458
8978,6,311
11702,6,127
18550,5.2,47
8869,5.4,295
43347,6.6,1233
3489,5.7,313
9701,6.8,125
2122,5.5,278
37707,5.5,671
10658,5.1,221
13150,6.3,240
9042,5.1,202
17813,5,68
11208,6.7,157
58151,6,603
11400,6.4,330
10350,4,72
28902,5.4,44
14164,2.9,462
76640,5.7,1266
11058,4.7,114
14844,6.1,152
57089,4.8,131
1947,6.7,161
8054,6.3,869
46829,7.2,129
146238,5.5,543
9989,5.8,153
9665,7.4,383
311,8.2,1069
102362,5.9,638
11162,6.7,144
6016,6,31
17186,5.4,29
13967,6.3,141
2008,5,29
9053,5,205
4512,7,776
76349,5,41
31203,5.9,306
265208,5.4,656
45610,6.4,286
50135,5.5,90
1874,7,38
271331,3,16
215211,5.8,195
367961,6.4,7
10955,6.6,69
223702,5.6,2238
254470,6.8,1940
69,7.3,718
4967,5.9,159
9449,5.8,135
11499,7.2,328
4912,6.6,275
12771,5,85
323676,5.5,431
12506,6.9,51
24071,6.3,26
11249,4.9,287
9667,6.8,455
812,7.4,3416
277216,7.7,1355
87,7.1,2781
14444,5.7,147
2043,6.1,400
315664,6.6,392
1428,6.2,594
562,7.5,3948
15373,6.4,564
318846,7.3,2607
26320,6.2,127
14292,7,159
924,6.8,1016
2018,5.5,427
192577,6.5,356
9428,7.4,1286
2832,7.1,1061
137093,6.4,799
699,6.3,490
9778,6.6,521
8831,5.5,282
9398,6.1,1337
112949,6.9,823
10439,6.4,471
3638,6.1,327
23483,7.1,4645
62206,5.6,531
10577,4.6,148
218778,6.1,493
4348,7.7,1358
78,7.9,3509
11780,6.5,148
192102,6,883
2001,6.5,323
10383,4.5,38
11516,7,49
10025,5.8,491
15198,6,69
23172,5.5,345
17834,5.5,46
10016,4.8,296
10317,5.8,195
58431,5.5,640
9746,6.8,91
13092,6.2,244
59859,6.3,2224
13495,5.6,61
254473,5.7,615
700,6.2,527
4964,6.2,1214
10024,7.1,598
13490,5.7,57
15927,6.9,67
1259,6.9,235
5125,6.2,205
174,6.7,413
9583,5.6,65
9437,6.2,345
525,7.5,1065
10188,6,238
63574,6.7,33
245,6.6,607
9825,5.5,247
186,7.4,1323
9549,7.3,235
61891,6.3,288
34584,7,1002
2666,7.2,828
12783,6.7,396
13155,6.7,120
42807,5.9,44
28355,6.1,563
8080,5.5,98
5126,6.8,79
56288,4.4,222
303858,6.5,1068
1613,5.9,173
31582,5.9,56
16617,6.3,333
8944,5.2,127
41488,5.9,23
37028,6.9,6
14560,5.2,788
10330,6,879
6957,6.2,1983
1934,6.8,796
169917,6.2,1131
951,5.8,628
10189,6.6,1148
9454,6.8,399
2055,7,262
1551,6.3,404
5902,6.9,207
11460,6.2,455
9358,5.9,1023
134,7.3,1112
22894,5.2,629
134374,6.1,1573
1901,5.9,194
15028,4.9,89
11509,7.1,146
7445,6.8,633
17047,5.2,144
62838,5.7,718
2057,5.8,198
70436,6.1,426
16784,4.8,54
8011,4.5,110
31640,5.5,34
9092,6,62
2779,6.5,165
316002,3.9,95
36355,5.3,84
238615,6.3,1091
1985,6.8,417
615,6.9,864
788,7,1591
380,7.6,1709
13223,7.8,3086
10523,6.1,143
8681,7.2,4369
239571,7.2,765
619,6.1,661
424,8.3,4329
50014,7.8,1910
162903,5.7,364
11024,5.4,500
208763,4.9,71
6466,5.8,594
254024,4.7,64
12589,5.6,231
7191,6.4,2251
1497,5.8,286
117,7.6,1384
6977,7.7,3003
168530,6.1,853
634,6.5,1356
392,6.8,951
10327,5.1,377
88042,5.7,210
41630,6.1,1331
11969,7.4,626
2085,6,330
794,7.2,476
9286,5.8,974
77877,6.8,946
1265,7,1113
866,7.2,1223
175555,7,35
75174,6.4,1451
11096,6.1,440
8699,6.7,1493
769,8.2,3128
10923,5,284
11283,6.4,711
111,8,2948
11676,6.3,174
746,7.4,355
77866,6.1,770
9416,5.9,87
7345,7.9,1537
14317,5.8,44
20694,5.6,61
12277,5.5,112
9779,6.3,386
2140,6.4,298
12620,5.6,529
14177,5.4,115
198185,6.6,259
227156,6.4,1798
10735,5.8,368
11351,5.5,299
10030,5.5,444
10623,5.8,236
590,7,451
9655,6.4,671
1268,6.1,663
11237,4.9,199
190955,6,171
5123,7.1,797
4518,7.1,334
11932,5.5,350
11165,6.9,147
6116,4.7,123
57431,5.4,325
21724,4.7,71
278,8.5,8205
9290,4.7,146
11543,6.7,244
284536,5.7,543
152737,6.9,483
13374,5.9,185
8976,6.5,318
319888,7.2,661
9469,6.7,134
1909,6.2,183
22971,6.6,1262
34813,6.2,515
46261,5.4,341
10431,6,414
8051,6.9,530
9352,6.5,656
10167,4.6,82
18147,5.4,66
17170,4.7,28
18975,5,54
15487,6.9,110
22825,5.4,597
11152,5.6,265
1831,4.3,29
43931,5.2,147
10591,6.3,824
10861,5.2,101
12770,4.4,46
276907,6.7,973
10074,6.3,313
65055,4.9,132
10397,7,59
200505,6.5,304
11954,6.2,135
60309,6.2,137
9787,7,210
293646,6,378
6978,7.1,705
133698,5.6,194
59440,7.7,1272
1770,6.7,97
10655,6.6,90
8988,6.1,82
15992,4.6,45
17707,6.2,111
77883,5.8,498
40001,5.3,25
64639,5.5,144
9903,6.4,60
21338,5.7,34
20766,6.8,1087
24264,5,22
19803,5.5,28
20309,4.8,47
9912,7.3,166
9067,5.5,138
27360,5.1,14
8338,6.4,387
168705,3.5,118
72113,7,738
9729,5.9,66
94352,6.1,58
22256,6.2,19
12404,6.6,49
152742,7.7,704
11699,6,326
49953,5.6,151
48034,7.1,380
39845,6,21
25353,3.8,7
36696,6.3,10
109091,5,712
38543,6.2,227
33157,7,31
290864,6.5,114
242166,4.1,26
859,7,257
83770,5.5,301
168,6.9,477
1246,6.5,835
4233,6.1,840
174751,5.4,285
184098,6.4,225
2069,6.2,531
1788,6.4,505
11635,6.6,541
177,7.2,341
3600,5.1,374
2621,6.1,67
10358,6.1,721
10480,5.9,111
10313,5.9,742
18828,5.5,24
3558,7.6,721
13476,5.5,160
10208,5.8,92
24961,5.9,58
20697,4.7,49
20761,5.7,53
70868,5,141
43593,5.3,581
6478,6.5,55
40688,4.1,19
26672,6.8,26
45881,5.4,15
41283,6.1,568
4935,8.2,1991
19908,7.2,3550
10663,5.9,512
1891,8.2,5879
9737,6.5,1699
37137,6.6,546
9532,6.4,1378
10316,6.5,910
2787,6.7,1789
12658,6,118
152601,7.9,4097
10866,6.3,325
227707,5.1,73
21349,5.9,66
19150,6.4,11
70435,5.6,505
580,3.5,224
9819,6.6,124
13579,6.5,11
20024,6.6,55
2453,6.1,82
6973,6.6,261
11156,6.6,246
354110,5.8,101
22215,5.9,56
11632,5.5,73
30596,6.5,57
3021,6.5,1343
957,6.7,902
256917,6.8,431
251,6.9,1339
544,6.5,1590
11395,6.3,489
14635,6.5,110
13680,6,428
688,7.3,385
11090,4.6,304
783,7.4,716
228194,7.3,508
1642,5.6,354
10950,7.2,530
235260,5.9,83
277,6.6,2512
8999,6.1,319
11323,6,301
10445,6.8,61
11453,4.7,225
146239,6.2,551
205588,6,160
10878,5.4,154
82650,6,223
10279,6.3,112
2294,6.4,480
2176,5.4,201
270487,5.7,1309
19366,5.3,72
204082,6.4,875
24100,6.1,77
1599,6.2,239
5550,4.2,305
30379,3.6,8
42586,4.9,8
17709,3.8,48
287948,5.2,559
7548,5.9,128
9075,7.2,277
11661,7.2,212
109513,5.5,224
12085,5.9,140
204922,6.2,659
38985,7.4,98
44113,5.2,192
21494,6.7,45
164457,6.5,720
4566,6.5,501
17795,6.3,46
1073,7,239
153158,6,122
81836,5.6,546
10724,5.5,139
9473,7.1,893
2196,6.9,497
1499,5.1,184
20857,6.3,123
82693,6.9,4742
1646,7.5,356
44944,7,22
4108,6.6,1692
8456,6.4,497
7341,5.1,76
19255,6.7,189
10187,5.8,65
31005,6.5,52
49517,6.6,840
44857,5.5,14
50780,6.3,276
16363,5.9,41
1946,6.7,475
85,7.7,3854
772,6.3,2395
840,7.2,1098
9682,5,150
96,6.1,613
10678,5.4,183
274,8.1,4443
8872,6.5,728
16290,6.4,428
579,5.9,406
14405,4.9,209
138843,7.4,3092
11637,5.2,221
226486,5,500
1584,6.7,1414
9312,5.4,442
12153,6.3,679
65057,6.7,934
8326,6.7,383
35690,6.9,923
76203,7.9,3674
13497,6.2,116
35688,6.1,29
162,7.5,3601
296096,7.6,2562
103370,5.9,52
1051,7.4,422
376659,6.3,1252
10073,3.6,222
16690,6.1,290
273895,7.4,817
14873,5.6,269
8968,4.6,191
9963,5.8,381
15655,6.3,143
21208,6.7,1261
272878,6.8,276
9760,3.2,326
314365,7.8,2686
13279,5.9,292
1975,5.2,283
33644,6,24
1649,5.9,308
9895,5.8,129
9570,6.1,131
27579,5.8,481
16052,7,114
40264,4.2,315
1164,6.9,1055
239678,6.5,505
14359,7,435
3989,6.6,660
76617,5.3,465
1710,6.4,194
4258,4.6,793
20391,6.2,63
10139,7.1,612
335778,5.7,295
9645,5.3,531
55465,6,328
617,6.3,444
19904,5.4,167
48289,6.3,257
243,7,628
6933,4.7,171
17182,5.8,63
8848,6.6,697
38,7.9,3652
38303,6,368
1266,6.3,363
107985,6.7,1778
14043,5.8,143
19901,6,634
34016,5.9,525
59860,6,593
10069,5.3,155
9588,6.5,119
12819,5.3,124
9954,5.2,288
10115,6.3,148
25132,5.1,44
577,6.7,175
328387,7.1,2181
12690,6.3,299
9945,5.8,255
539,8.2,2320
13596,5.4,220
226857,6.7,542
13159,5.6,130
47941,4.9,7
526,6.8,260
22796,6.5,52
2355,7.1,334
5915,7.8,3045
9842,5.6,111
61012,5,432
755,6.9,1603
13682,6.4,88
9089,6.3,39
9470,7.2,831
18357,4.3,20
7979,7.3,394
470,7.2,918
15644,5.8,52
9582,5.3,83
10642,5,120
22074,7,167
2428,6.5,41
290751,6.2,336
13805,3,240
4597,5.5,208
9414,6.5,125
63492,6.2,671
81796,5.8,715
10710,4.8,139
15092,5.9,861
11382,7,130
15005,6.1,12
8198,6.4,81
6963,6,289
15070,6.1,139
12797,6.4,286
17134,5.7,220
41402,6.7,641
18885,4.5,48
4953,6.2,424
10773,6.4,62
146198,5.6,797
2639,7.3,187
10563,5.4,62
295964,6.3,950
5971,5.6,105
9716,6.5,147
11835,6.5,297
26171,6.5,284
31117,1.9,35
9074,5.4,133
14396,4.7,78
15673,6.4,24
42618,6.5,15
171274,6.5,833
24432,3.2,18
109417,5.9,88
13948,4.1,20
106747,5.3,631
10929,5.8,82
14220,4.7,69
46435,6.7,41
256962,7,185
48231,6.2,571
3509,6.8,532
82684,7,216
12142,3.1,173
23367,5.4,126
10740,5.9,179
241239,6.5,546
14582,6.3,26
14914,6.3,59
3902,6.6,195
77948,4.8,271
21755,6.8,203
4960,7.4,278
128,8.2,1983
14652,5.7,20
40932,4.9,9
16608,7.1,218
334531,6.8,36
32316,3.3,12
7299,6.9,1552
13405,6.5,52
19457,6,97
112937,2.2,8
314385,5.4,156
8953,6.4,102
29078,5.8,14
46503,5.9,286
10448,6.2,33
13688,6.1,107
10353,5.8,221
43935,4.5,139
11458,5.5,48
44638,6,31
241257,5.3,585
14538,6.6,35
13250,6.3,130
133931,5.3,68
280871,5,3
239897,0.5,1
184341,6.1,109
334074,5.4,404
199373,6.1,465
14202,7.1,312
6968,7.1,157
581,7.6,1046
52449,5.4,1584
12150,6.7,141
11247,6.1,713
4232,7,1476
9378,5.4,440
694,8.1,3757
105,8,6079
11377,5.5,209
26367,6,40
385383,3.9,8
41210,5.9,583
12090,5.3,404
62630,6.5,208
16110,4.6,8
29427,6.2,633
129,8.3,3840
244114,5.9,43
2669,6.5,108
203833,7.4,1486
13523,6,342
25195,6.4,465
17277,6,33
50725,6.2,208
82631,5.8,40
73191,5.6,5
22479,6.1,12
340611,6.8,69
10065,6,588
2757,7.3,638
11683,6,381
244339,5.8,11
1878,7.2,1301
23082,6,518
195589,6.2,2713
854,6.6,2472
2280,6.9,993
496,6.5,1579
8835,6.1,882
157,6.4,434
8643,6.3,659
10402,5.5,308
218043,3.7,392
9043,6.2,249
21301,5.6,74
10147,6.5,656
816,6.5,1013
302688,5.5,322
60307,6.3,238
106,7.3,2093
279,7.8,1076
8617,4.8,167
10625,6.9,2320
10934,6.4,172
5279,6.8,246
10013,5.9,136
194662,7.4,4535
160588,7,1098
9829,6.9,367
10028,6,303
10535,4.9,147
790,6.4,311
43959,6.9,342
10364,6.7,72
16991,5.6,225
9610,5.8,383
1578,7.7,938
25643,5.6,180
11904,6.7,167
28665,5.5,135
44115,7,2606
10569,6.4,155
10560,6.8,90
333348,5.4,167
20483,4.9,76
11457,7.2,120
321697,6.8,1573
19840,5.1,197
22327,5.9,319
38665,3.7,14
2575,6.2,92
11644,7.3,236
146227,4.9,246
68924,6.9,176
253235,5.7,164
22102,5.6,56
18701,6.4,23
10068,5.8,177
848,6.5,67
36811,6.7,55
522,7.3,630
130150,6.7,299
12246,6.5,158
13809,6.9,836
27380,3.5,15
10549,7.3,117
33870,6.8,28
245703,6.2,694
10739,6.2,149
127560,6.7,273
37903,7.2,255
396152,5.3,11
10017,5.9,108
11468,7,104
193613,6.7,83
17436,4.4,60
43434,6.7,50
31166,5.6,20
69848,9.3,2
8408,6.9,270
332411,4.5,179
9389,6.7,77
9626,5,206
75638,6,376
8363,7,2100
15670,6.4,52
290555,5.7,82
8328,6.5,640
10982,5.9,479
205,7.5,793
1620,5.9,966
175541,5.8,16
241254,4.6,218
31932,5.4,18
1933,7.4,1660
679,7.7,3220
11113,7.4,352
3597,5.6,687
193893,6.4,1219
9675,6.9,478
9988,5.8,172
948,7.4,1035
21765,4.7,30
146304,6.7,110
7516,6.4,534
41439,5.8,730
2752,5.2,297
9429,5.9,198
38117,6,849
9792,6.1,705
13778,5.1,64
228203,7.4,213
41382,5.6,54
13960,6,32
114150,7.3,2247
26602,4.8,63
10223,6.9,187
16028,4.6,74
15639,3.3,17
16112,6.3,14
26390,6.2,293
27759,6.3,36
109428,6.4,1723
23049,5.6,101
9310,4.9,95
11411,4.1,318
16988,3,6
7304,7,331
24747,5.5,19
58048,2.9,15
1491,7.1,1615
2989,5.6,19
10629,6.8,59
255343,6.1,271
4723,5.2,153
10800,6.5,129
25763,5,27
79694,4.5,140
4032,7,428
18615,5.8,73
10673,7,546
4584,7.2,352
2977,6.9,317
10760,6,236
11093,7,199
207,8.1,2705
8467,6.5,1859
639,7.3,950
24226,7.4,131
9285,5.9,542
14709,6,122
74643,7.3,1049
13788,4.8,365
83666,7.6,1662
10781,5.9,402
318850,6.4,30
13908,3.7,78
1417,7.6,3041
39180,4.8,44
16161,7.4,55
49950,5.3,224
10956,5.5,242
9594,5.3,215
4638,7.4,2199
13972,4.6,96
5038,6.7,1020
13491,6.4,76
10571,5.4,103
10994,7.2,108
19994,5.3,837
25166,5.4,43
30890,7,127
23169,6.9,948
17403,5.7,42
12120,5.3,131
9800,7.6,988
1090,6.8,378
18475,4.6,10
40160,5.1,36
18074,5.5,34
9689,6.4,113
9781,6.7,100
8009,6.8,624
3877,6.7,90
8854,4.3,48
152599,6.2,250
18840,6.9,21
68727,6.5,956
12657,4.7,108
8265,6.8,615
12410,6.3,29
34647,7.2,387
73935,4.8,91
28178,7.7,1717
185567,6.7,172
264656,6.4,258
35696,4.2,20
16351,5.7,16
38717,5.3,3
18777,5.5,16
2110,6.2,283
9035,6.3,317
90,6.8,961
771,7.1,2414
12154,5.8,253
9576,6.9,421
744,6.7,1698
146,7.2,927
14,7.9,3313
45269,7.6,2752
9493,5.7,559
22556,6.4,52
873,7.7,338
33196,6.5,48
205596,8,5723
10765,6,102
16769,7.2,67
33217,5.9,355
132232,6,1401
11153,7.1,410
208134,6,680
1165,6.8,338
4011,7.1,1444
17202,6.1,33
9587,7,215
65086,6.1,1206
10053,5.4,268
11870,5.6,197
11778,7.8,921
586,6.7,270
18736,5.7,280
134411,5.8,1138
287903,5.9,584
9276,6.2,492
15765,6.9,72
2142,6.6,382
11397,5.5,431
77016,7.2,1170
11478,5.8,156
266856,7.8,3311
13411,4.7,77
10564,6.9,155
947,7.8,851
24150,5.1,267
228970,7,951
18405,6.2,440
6961,6.2,230
11442,4.5,228
2493,7.6,1486
14047,6.9,151
64690,7.4,3725
11132,5.1,221
17127,5.6,72
1562,6.5,1197
232679,6.3,130
17880,6.1,61
14736,7.4,88
9434,6.9,275
23706,4.7,295
11531,4.3,212
9100,6.3,380
116,7.3,1105
38843,6.1,245
1245,7.5,202
4995,7.5,796
10413,5.5,119
14012,6.1,52
9793,5.2,351
12212,4.4,100
13768,6.4,128
8975,5,163
342521,6,421
45272,5.9,80
9424,5.5,104
97367,6.8,1653
254904,6,639
18681,5.3,42
12162,7.2,1840
11495,5.9,173
64689,5.8,742
157849,6.5,541
13166,4.6,115
15511,5.9,25
37003,6.7,10
12211,4.4,104
13816,5.1,17
51828,7,978
22798,6.7,357
7501,5.9,97
10743,6.4,126
37718,5.3,31
15237,6.3,32
9686,6.2,64
17644,2.9,8
97430,5.2,358
12257,4.8,32
13539,5.4,48
68,7.5,861
14024,6,211
115,7.8,2926
7874,6.6,243
4911,6.5,85
1988,6.7,95
16222,5,37
9557,4.7,146
9026,6.7,127
57943,4.7,3
18276,5.5,44
8321,7.4,1388
72359,5.6,26
10186,5.6,156
25704,5,100
133694,6,243
19265,6.8,350
36047,4.7,15
8053,7,177
2290,6,90
5236,7.2,886
6552,6.1,182
1018,7.6,1477
10075,5.4,87
38031,5.8,251
42188,6.8,737
112430,7,12
6687,6.5,195
13853,4.8,27
31306,6.5,12
8461,6.3,545
331592,5.5,31
47692,6.6,23
19,8,657
10045,6.5,565
400,6.7,85
253450,6.6,157
9104,6.5,93
11190,7.4,100
16353,6,152
23759,5.9,386
24206,5,22
10185,6,290
75033,5.2,5
74536,4.8,92
31668,6.1,7
13501,5.7,41
15208,5.6,31
172391,5.8,72
262543,5.6,670
9288,4.8,36
370980,7.3,12
20083,6.7,65
40880,4.5,2
137,7.4,2301
264999,6.3,706
454,6.7,1374
53457,7.2,196
288980,5.8,9
33,7.7,1113
1951,6.9,78
12405,7.6,2827
10998,6.6,291
114,7,1746
9396,5.5,303
319910,5,10
2604,6.7,395
864,6.8,491
14435,5.3,299
1931,6.1,88
691,6.6,507
9877,5.6,290
62008,6.2,45
12227,6.5,135
13824,5.1,83
71688,6.2,527
15173,6.4,22
8291,6.9,47
13950,5.8,48
12158,4.5,111
11586,4.5,133
10008,5.3,142
2830,4.4,180
12403,6.2,351
34563,5.7,39
14557,5.6,49
10368,5.8,32
10280,5.5,124
12637,6.1,67
34152,6.7,31
14434,5,55
11470,4.5,291
10741,6.4,119
24940,5.3,73
82679,5.5,134
2013,7.4,283
1440,6.9,240
18041,5.5,68
28029,6.2,21
1123,6.4,25
14033,4.4,49
87729,5.2,10
16899,6.3,108
41317,5.8,1
245700,6.3,204
37842,5.8,22
9045,7.1,75
44092,6.7,57
16005,6.3,55
44754,6.1,86
23988,4,97
43949,7.4,418
142,7.5,1480
9603,6.9,803
10712,6.9,144
243938,5,354
10876,6.8,128
86838,6.7,1206
25208,6,27
613,7.7,1037
1913,7.2,219
97370,6,1102
801,7.1,642
70829,4.7,7
54518,4.8,154
44214,7.3,4430
240,8.3,3338
9816,6.3,352
10131,5.8,281
339984,6.7,186
8859,5.2,509
11967,6.6,258
239563,7.1,763
222899,6,210
4951,7.3,1701
10985,5.7,151
9644,5.7,157
332567,6.2,1567
1954,7.3,2060
15489,4.8,51
15250,7.1,29
22345,3.3,75
9448,6.1,109
38223,5.7,46
11186,5.8,308
136835,5.6,181
5876,6.7,1399
264660,7.6,4737
492,7.3,1101
25462,6.6,17
238603,5.7,290
10691,6.6,96
1251,7.2,541
5172,6.2,123
58680,5.5,10
264644,8.1,2757
14577,6.5,66
11592,6.4,135
16406,5.7,67
19052,6.6,7
3682,5.5,135
9683,5.1,163
2084,6.1,103
107811,5.7,737
2266,6.8,207
13074,5.9,60
144340,5.4,304
48217,6.7,11
28211,5.9,498
47502,4.8,4
9950,6.5,138
84892,7.7,2968
24227,4.5,10
9672,6.4,60
44853,5.6,17
157544,4.6,243
59678,6.3,733
79777,5.8,45
158011,6.6,1257
17043,5.3,34
8952,6.4,503
62204,7.1,109
13435,6.7,137
17187,6.9,96
319,7.5,749
59457,5.9,92
9504,7.5,323
37414,6,173
6217,6,94
26688,5.4,177
43867,8.4,11
6615,7.1,509
14574,7.7,1451
16,7.6,377
39780,6.2,25
21612,7.3,31
36691,5.8,84
23631,6.3,1150
45324,6,94
12144,7,640
11658,7.4,133
56601,6.3,30
9552,7.5,2005
578,7.5,2542
2105,6.4,2296
126319,7.6,142
10136,5.6,304
67660,6.9,281
10611,6.2,137
154,7.3,675
3049,6.4,1648
860,7,504
9281,7,375
75674,6.3,417
9762,6.7,1060
3179,6.5,168
184,7.3,1514
13335,6.2,497
76726,6.6,1935
10269,6.2,51
36819,6.6,249
17130,4.7,158
57214,6.5,1564
11202,7.3,323
9357,6.6,435
13812,5.5,339
9030,5.5,281
19084,4.7,30
8386,6.3,218
10437,7.2,212
1360,7.3,383
101267,6.5,85
222935,7.6,3759
10220,6.9,439
284296,6.3,210
31915,5.4,25
11601,6.5,330
205220,7.4,579
11354,6.4,72
16241,6.6,101
14191,5.8,364
286565,6.1,1937
26710,4.3,15
129670,7.4,636
9059,6.7,94
34549,5.4,33
57157,5.6,364
1948,6.6,1151
28353,5.3,8
46889,5.3,11
38093,6.1,99
14976,6.1,163
11027,6.4,110
3635,6.4,377
387,7.9,613
6020,4.6,47
122906,7.8,2067
9550,7.1,439
60599,6.1,294
227719,6.4,933
14299,6.9,86
19419,4.9,23
12088,5.7,168
14799,5.9,43
9466,6,111
7510,5.8,78
31246,3,23
61752,5.7,16
10944,4.6,89
10362,6.6,154
14778,6,22
1255,6.7,537
45226,6.8,4
10212,6.9,141
8669,6.5,225
179144,7.3,720
16857,6.4,53
86825,6.5,882
844,6.9,206
8060,6.1,38
15907,6.9,41
38448,6.5,84
327,6.8,107
9260,6.2,50
61337,6.1,9
13079,6.1,88
89325,5.3,22
4170,6.8,67
41508,6.5,28
12479,5.2,28
44555,4.8,13
10133,6.7,192
21345,7.6,55
173931,3,3
61984,6.3,59
50601,5.8,62
26466,6.9,612
345003,4.3,5
236751,6,229
107,7.7,2912
357837,4.3,2
8913,6.4,407
13889,7.5,20
18530,5.5,29
358451,6.3,5
927,6.9,1596
11,8.1,6624
291870,5.7,1406
907,7.4,247
206563,7.1,242
11887,6.2,821
45317,7.2,1486
12094,6.4,298
10377,7.3,384
249164,7.3,1368
256092,3.9,74
9942,6.6,217
10748,5.6,142
1817,6.7,1062
10229,7.5,1018
687,7.3,337
796,6.6,827
22804,6,722
10156,6.5,204
12837,7.4,158
17708,4.1,54
13937,5.9,65
28932,6.4,29
31909,5.5,57
167073,7.2,1213
3175,7.7,505
14369,5.8,53
16888,5.7,34
121826,6.3,139
10646,4.9,74
12149,7,334
304357,7.3,440
11184,6.6,131
766,7.3,838
20009,5.4,60
1587,7.5,919
30973,8.2,12
11109,6.8,80
9027,5.1,75
63020,6.6,9
86829,7.2,834
11065,5.8,75
13888,5.1,153
42345,5.9,16
13994,6,33
1590,6.2,42
62728,5.6,35
11917,5.9,820
45138,7.3,6
80271,5.9,881
4657,5.7,25
14395,6.1,42
24137,6.3,46
190847,5.2,302
11056,5.6,112
62,7.9,2998
601,7.3,3269
13067,5.8,160
25379,6.8,6
88641,8.5,2
58051,5.2,29
14877,5,16
96399,6.4,35
304410,7,766
489,7.9,2811
373314,5.3,149
214,6.1,1071
10890,6.5,249
1588,5.8,568
316727,6.1,1306
10314,5.7,418
663,5.9,903
11804,5.6,261
16781,6,77
11873,6.7,291
9289,7.2,234
10414,6.4,198
1970,5.8,865
9614,6.5,755
8922,6.1,720
1648,6.7,454
17917,7,103
74534,6.9,459
19405,6.6,67
9355,5.9,748
10999,6.4,742
321258,5.8,1102
44040,5.8,816
10426,6,100
280092,6.2,983
13938,6.4,69
10163,5.4,197
12182,6.4,379
1832,6.8,823
9034,5.5,62
15301,6.2,161
10135,6.3,252
26352,6,31
20616,5,70
9794,5.3,153
15037,6.1,122
227,6.9,291
294272,6.2,679
11336,6.9,311
283445,5.4,581
88036,5.8,36
10984,5,114
22824,5.8,441
9526,6.4,81
39349,5.2,13
15983,5.3,49
14544,6.1,27
11545,7.5,676
42684,4.7,507
268238,6.3,272
8359,6.4,34
15648,5.5,203
41823,6.3,47
11891,6.1,159
9362,6.6,864
9902,6,635
14729,6.6,50
9455,6,57
103731,7,1068
10090,5.6,72
164558,8,201
19905,5.4,58
17710,5.6,62
75900,6.6,406
9515,6.2,136
27322,8.1,12
328425,6.7,1049
14120,6.1,15
10050,5.5,75
1542,7.4,1050
10490,6.4,86
87093,6.8,1196
10029,6.2,179
9893,5.3,101
11507,6.4,137
37931,5.1,179
3472,6.8,131
87818,4.4,797
13160,5.3,145
88005,6.3,700
52067,5.9,135
73,8.2,3016
134597,5.9,289
24034,5.5,2
14283,7.3,99
404,7.7,306
13201,5.5,34
209403,6.4,334
7942,6.2,238
73247,3.8,6
253331,6.5,115
34043,4.1,10
9952,6.9,336
256924,6.6,183
82532,6.1,217
41110,6.9,73
134371,5.4,41
2088,5.7,36
10388,6.6,105
1640,7.2,1149
25520,6.4,25
27342,6.8,15
13689,7.3,90
67911,4.4,51
24664,6.3,24
329440,4.8,448
47890,6,2
252512,5.8,383
55720,7,54
9613,6.4,168
29076,5.4,24
29339,6.8,49
68812,6.4,365
32740,5.5,46
14195,6.2,51
73567,6.5,425
41479,6.1,210
15394,6.8,37
10071,4.9,46
1989,6,190
91076,6.3,7
12779,4.8,50
13191,5.6,86
11770,6.6,491
12703,5.5,62
64559,6.4,5
222649,6.5,98
115872,5.3,3
101173,5.9,131
25350,6.3,29
10034,6.4,12
20178,6.5,177
5072,6.4,169
18191,6,50
31007,6.4,139
11546,4.1,178
41894,6,5
184374,5.8,14
268171,6.2,31
78149,3,9
24663,4.8,19
39037,5.4,59
22805,4.7,44
39055,5.8,4
245846,5.1,83
25186,7,5
15017,3.9,29
12245,5.7,188
49787,5.4,130
16358,6.4,34
7006,5.6,80
66767,4.3,16
17622,6.1,35
283671,6.5,1
18516,6.4,22
217708,6.9,26
42057,4.3,9
17577,4,53
14608,6.4,6
34417,5,6
15067,7.1,193
78383,4.9,119
43090,6.7,27
16614,6.4,737
9700,6,24
10471,6.4,135
250066,4.3,158
667,6.5,531
208869,6.1,86
86837,7.5,400
10306,4.5,123
106845,4.9,34
11576,7,140
219,7.3,406
11827,6.2,148
22820,6.2,51
31174,6.9,49
244316,5.1,74
37737,6,40
62215,7,885
66125,7.1,83
132316,7.3,66
348,7.9,4470
30497,7.2,590
27586,6.3,254
14811,7.4,134
660,6.5,562
68684,5.7,129
40794,7,118
9400,6.9,66
16162,6.8,38
10585,6.3,581
2359,7.3,235
238636,6.6,1954
10472,4.9,70
11282,6.6,693
6521,6.7,60
14181,6.5,201
1621,7.1,738
9656,4.8,119
16428,5.8,21
10705,7.4,71
8272,6.8,110
24621,6.3,16
1619,6.4,100
9685,6.5,95
14425,6,41
14624,6.8,78
10179,5.7,49
15568,6,17
14057,5.5,29
12621,6.1,56
1808,6.9,116
293670,7.2,250
67675,6.8,79
27329,5.1,6
29514,6,35
250349,5.8,214
12454,7,33
39806,4.8,14
15699,6.1,7
8883,6.8,68
17926,4.5,12
291081,7,54
41248,5.6,10
25968,5.8,75
9671,6.3,503
52010,5.2,27
11588,5.9,62
43418,7.3,40
71157,7.9,285
13483,6.3,395
333355,8,27
327833,5.6,61
1547,6.8,538
25196,6.8,274
16323,6.8,28
175528,5.6,85
8069,5.7,146
71805,6.1,14
9451,6.7,270
16727,6.8,50
272693,6.8,1322
10696,3.4,38
150202,5.6,175
19644,6.6,28
29963,6.8,107
26022,7.7,232
152747,6.6,671
62676,7,17
20360,6.6,29
1116,7.1,154
185008,7.2,79
11620,7,63
14353,6.7,100
11818,4.3,7
680,8.3,8428
11176,7,164
242582,7.6,3395
11217,5.1,107
15121,7.4,941
2619,6.1,321
773,7.5,1686
235,7.8,1522
170,7.1,1777
14114,4.8,75
10734,7.2,561
37964,7,31
28121,5.7,15
40807,7,1261
10885,5.3,180
225565,6.1,1004
16471,5.6,23
385736,7.5,18
11971,7.2,189
668,6.5,456
11596,6.4,291
14429,5.8,62
13751,6.7,81
9490,6.4,177
14536,5.2,99
1359,7.3,2066
9962,6.1,181
15049,6.5,42
22821,5.9,261
42819,5.7,9
209263,6.6,348
37735,6.7,2210
59930,3.9,5
10873,6.6,148
51588,5.7,134
23570,4.6,30
19489,4.9,11
14629,5.5,46
8293,6.9,95
291270,7,459
44009,7,97
1958,6.9,196
13154,5.7,95
26618,6.3,39
43923,6.9,672
46138,6.6,94
45791,6.9,13
26306,6.7,21
110683,4.3,4
26963,7.3,181
198277,7.3,1254
7870,5.9,63
13072,5.8,18
153397,4.9,8
30141,5.9,41
17044,7,3
10288,6.6,135
12183,5.2,16
44147,6.4,215
12192,5.6,144
36597,6.9,37
13197,6.3,24
10913,5.6,33
251321,5.1,41
149,7.8,773
10425,5.8,103
49081,6.1,17
256687,4.6,21
220488,4.3,8
1544,7,177
374461,7,129
302,6.4,153
182873,5.4,33
21512,5.9,31
389425,4.1,16
403,7,350
29461,6.6,19
33542,6.5,240
283708,6.6,43
9388,7.1,664
1691,5.6,453
24684,6.8,409
2610,5.7,75
11308,5.8,26
11022,6.8,142
34341,4.5,7
15365,4,26
36046,6.1,7
12569,5.7,192
24356,5.2,13
55903,7,3
2577,6.2,116
103903,5.8,2
73873,6.2,132
312113,6.4,4
14165,6,13
2011,7.7,450
45650,5.6,244
7735,7.5,841
301365,6.4,887
25941,6.7,348
29064,4.4,17
7326,7,2244
326284,5.5,63
681,6.3,553
238,8.4,5893
535,6.1,302
19913,7.2,2904
713,7.1,281
77930,6.1,1040
10727,4.9,161
253,6.4,533
17908,6.5,69
8390,6.7,620
57119,6,56
3291,6.8,273
398,6.8,384
8068,6.8,881
10803,6.6,269
682,6.3,524
10117,4.9,50
9392,6.8,1005
24977,7.5,10
79316,4.4,216
2074,6.3,66
1696,6.6,322
308639,7.2,691
22314,6.2,17
2662,6,306
77156,4,3
12573,6.6,483
44718,6.5,100
11342,5.8,95
241771,7,139
34653,7.3,463
11051,7,201
14578,5.6,30
57825,6.5,110
9555,6.8,84
15581,3.8,18
13006,5.7,63
16651,6.7,14
4251,7.4,64
12400,6.4,76
39053,6.1,133
104896,6.4,6
14112,6.1,56
12271,6.2,81
71859,7.4,677
226354,5.8,8
48620,5,15
33676,4.5,31
37080,6.7,46
25388,6.2,16
11687,7.1,420
39210,6,208
30128,5.7,20
31535,2.7,13
44835,6.7,212
192134,5.8,212
1956,6.2,68
24985,7.7,5
306745,7.1,164
47088,5.9,29
110402,6.7,41
27004,6,73
15013,6.3,8
8374,7.2,837
277519,5.8,5
78381,5,85
164372,5.1,47
294512,6.5,4
8879,7,251
13001,6.9,140
9571,7.4,583
13649,6.1,843
325373,6.8,27
334527,5.8,110
2211,6.3,20
13919,6.7,62
14576,6.1,73
82505,5.6,555
46738,7.9,479
38970,5.8,44
41009,5.1,24
7347,7.8,504
250546,5.6,1517
38415,5.2,6
650,7.4,364
16620,6.8,116
25113,6.3,16
11033,6.8,157
34723,6.2,42
9430,7,196
8998,5.1,128
10514,7,190
10496,4.1,35
1591,7,32
76025,7,875
4836,7,559
14631,8,6
87499,6.5,305
18923,6.8,45
26665,7,6
28089,7.1,119
62255,6,16
5708,7.5,200
218,7.3,4128
338,7.4,586
21641,7.2,152
10925,7.3,267
2293,6.8,392
621,7.2,1581
792,7.5,1205
1777,6.8,397
642,7.4,650
433,7.4,1183
16619,7.4,145
1725,7,389
11977,6.6,365
20322,6.5,10
16158,7.1,34
629,8.1,3254
10160,5.5,245
11452,5.9,858
12163,7.3,1000
32275,6.2,37
13785,6.7,166
1103,6.9,703
36739,6.2,26
14144,4.4,91
10622,6.3,128
13370,6.6,74
11191,5.9,123
10215,6.5,354
25066,5.4,32
1523,7.4,558
11361,5.2,183
92591,6.5,320
57612,8,3
12509,6.6,91
15256,6.1,44
83686,6.4,379
80304,5.5,103
28053,6.9,113
67913,6.8,372
13991,4.8,48
1443,7.1,817
8545,6.6,61
19556,5.4,77
231576,6.4,300
16172,5.5,52
13403,7.4,80
15797,6.9,29
347764,6.2,9
13537,6.6,111
20794,6,44
31064,5.7,19
576,7.6,259
13990,6.2,94
11583,6.6,74
18602,7.2,34
27549,4.6,17
59728,4.7,12
10930,5.7,10
32395,6.2,34
58882,5.3,22
7547,5.9,10
35944,6.5,11
42222,6.3,30
13827,4.7,25
44260,8,10
9282,6.8,206
38940,5.4,29
35689,5.4,21
97614,5.6,224
37206,6.3,14
58626,5.2,73
183894,7.6,38
837,7.1,454
1555,7,266
244783,5.5,87
16564,6.8,66
168027,4.9,18
3482,7.2,72
135595,5.5,12
8982,6.8,167
89861,10,1
455,6.2,578
57022,6,10
14351,4.2,10
147767,4.7,11
10664,6.4,489
55567,3.9,6
9277,7.9,622
9443,6.8,207
16186,6.4,71
7863,7.3,131
138697,5.9,1671
11901,7.4,278
1548,7.1,426
11889,6.2,47
33155,3.3,16
5528,7.5,526
321,5.6,28
4997,6.2,73
925,7.6,292
27451,4.8,15
73532,6.8,97
979,7.1,538
193722,5.4,31
7913,7.2,97
253253,6.2,9
51995,5.6,28
13173,4.9,57
22908,7.3,18
70670,7.1,399
84204,6,140
25248,7.3,24
230266,5.9,45
16633,7.2,102
63006,5.4,7
91586,6.5,1211
215,6.3,1251
333371,6.8,2468
9012,6.1,345
345911,6.3,1129
72571,5.9,669
242512,4.9,983
10072,6.5,354
211954,7.5,205
82990,5.2,563
29912,6.4,42
11843,6.7,137
11284,5.1,272
504,7,485
173,6.8,157
227348,5.2,449
1955,7.9,719
152532,7.9,2886
243940,5.1,505
77,8.1,4028
157547,6.3,1050
2295,6.9,398
71,7.4,750
147773,7.1,688
16096,4.7,21
24266,6.8,37
16508,5.4,22
2895,6.1,38
15660,6.5,54
59968,5.9,365
323677,7.1,478
19848,6.4,14
256274,6.1,766
235271,5.4,63
45153,6.1,27
284293,7.5,1104
24973,6,11
21610,6.4,86
10283,4.8,191
8346,6.2,671
122081,5,1551
10987,5,170
1391,7.3,315
747,7.5,2420
14745,4.3,48
26748,6.9,77
11357,5.9,209
24913,5.8,73
13776,6.9,83
14854,5.5,67
50357,5,356
13090,6.5,255
192141,6.7,777
16441,6,97
29996,5.4,8
351819,4.3,331
14834,6.3,9
22649,6.2,28
378200,5.2,42
20455,6.2,72
13193,6.3,147
11042,6.7,77
10786,6.6,50
12484,4.9,47
17339,6.4,91
11959,6.7,89
9900,6.6,220
14662,6.5,44
335,8.1,1128
15745,6.3,55
17431,7.6,1794
21014,5.2,18
78394,5.9,11
10217,6.8,103
46332,6.5,91
13996,6.6,60
3028,4.6,5
1024,7,294
343795,5.4,40
45658,6,208
16148,6,55
4553,7.3,1247
36351,5.7,15
245916,6.6,355
27585,6.9,165
1415,5.9,58
313922,6.7,683
14474,5.8,27
199933,3.9,15
13685,6.8,281
8744,5.6,45
38428,6,2
8847,6.6,14
39269,6.5,17
46838,7.3,847
51384,6.2,13
56930,6.6,4
41730,5.5,9
18442,4.7,33
298312,6,1360
11600,6.2,37
71547,3.8,4
57876,4.2,151
77495,7,202
13849,6.3,80
14849,5.8,65
12486,3.2,13
19615,7,2
244403,7.4,105
292481,3,3
340816,6.1,24
78814,5,3
297596,4.5,118
299552,4.1,7
11935,6.4,131
113406,0,0
447027,0,0
290825,4.7,102
361159,3.5,36
12555,7,22
31175,7.1,116
12498,7.4,231
77949,6.3,458
1690,5.7,887
8435,6.2,43
64720,7.1,471
49365,6.3,25
11404,6.3,47
300706,5.5,76
16337,5.9,139
11577,7.2,65
77987,5.6,862
40185,4.8,4
68202,4.6,8
8981,7,46
10914,1,1
50848,7.3,93
166624,5.6,6
10822,5.7,60
10844,5.9,18
9336,6.5,602
5689,5.8,408
712,6.6,632
13342,7,322
10339,6.9,89
1429,7.2,629
9303,6.9,198
641,7.9,2443
27686,6.2,19
65749,6.8,6
6106,7,71
252680,5.5,121
141,7.7,3452
66607,6.1,18
17139,7.7,25
12079,6.6,132
39800,6.3,30
4550,7.4,356
62116,6.2,13
9991,6,157
13807,7,46
68818,6.6,73
12093,7.7,139
36419,5.4,251
281730,5.3,2
510,8.2,2919
362105,6.9,35
10970,6.7,78
375290,7.3,57
17663,8.2,68
270938,5.5,71
116613,5.7,109
11826,7,217
29920,6.5,63
1088,7.1,111
26379,6.6,19
34069,5.9,140
10947,6.1,1000
47452,6.9,11
3040,6.3,210
11386,6.9,176
10246,6.1,183
29426,4.6,116
10331,7.5,580
153,7.3,1895
703,7.8,1010
27191,6.6,50
1365,6.5,250
287424,5.2,593
451,7.1,360
165864,4.8,67
987,6.9,68
241251,4.1,1022
40494,6.4,22
39781,6.5,506
8337,7.1,550
5925,7.8,717
8357,5.8,34
146203,4.4,203
85350,7.5,1971
512,6.4,420
13408,5.3,26
47816,5.9,15
10744,6.7,89
11536,6.8,72
9782,5.5,57
18713,4.8,10
6537,7.1,633
184345,5.4,346
1809,6.3,168
2370,6.1,77
9809,5.5,69
5,6.5,530
11013,6.7,376
19153,3.3,8
10132,6.7,46
16448,7.3,63
15122,5.4,11
8141,6.2,80
1546,6.1,67
48572,5.9,316
14517,6.6,102
89708,8,167
27551,5.1,8
64678,6.5,415
309503,5.5,58
14293,6.5,25
15059,5.2,9
103328,6.9,228
157847,6.5,338
25719,7,23
48309,6.7,27
27723,6,26
20468,5.8,6
242575,8.1,18
44945,6.6,307
29122,6,1
125123,4.5,2
111190,6.1,291
133575,4.2,5
54580,7.1,36
52015,6.2,285
34941,6.7,7
227975,6.4,31
60422,6.2,37
81390,6.2,157
10981,5.8,38
225235,7.3,23
14902,7.1,20
121676,5.2,13
22301,6.1,19
20065,5.7,9
257087,4.5,118
46420,6.6,207
114635,4.1,8
158150,5.2,20
251979,4.4,21
874,7.5,89
10774,7.7,381
770,7.7,970
266102,6.5,18
29715,6.2,38
25209,7.3,22
37495,7,423
29262,6.7,9
34769,6.5,195
35032,6.6,17
5178,6,21
8618,6.6,66
3116,7.4,299
9427,6.8,363
813,7.1,1074
352978,5.3,11
10634,7,503
9516,7.2,173
16288,5.9,129
23330,6.9,47
18900,7.4,82
27029,7.4,46
26268,6.2,35
573,7.1,158
310131,6.3,1434
40505,5.4,8
11363,5.7,70
3033,6.8,81
25376,7.8,626
22007,4.8,36
765,7.6,742
10615,5.4,43
205321,3.8,476
89540,5.4,4
46146,6.7,583
38007,5.8,9
14256,6.7,28
540,5.6,90
370464,2.9,7
20055,5.2,10
224569,2,1
395766,0,0
39303,4.6,10
142061,7.9,419
370662,0,0
252360,3.3,19
256740,5.3,37
299145,5,11
241766,3.6,6
12535,6.5,84
1667,6.9,358
50839,6.7,524
86549,6.2,15
13973,6,127
244786,8.3,4254
598,8.1,1814
11129,6.8,97
75861,6.8,47
13551,6.4,66
103663,7.9,927
850,7.4,344
12586,6.7,37
11564,6.2,66
301748,4.1,9
108346,8,1
8841,6.8,174
805,7.5,863
11697,7.4,265
22051,6.9,150
436,6.9,101
55347,6.8,347
10070,6.1,160
8469,7,418
658,7.2,987
125490,5.7,112
1585,8,1076
627,7.8,2655
23618,6.3,15
41436,5.7,722
10162,7.4,54
1430,7.3,453
259943,6.9,49
10014,5.7,361
11257,6.9,156
158015,6,2428
82507,6.7,1573
20337,5,1
261,7.6,165
1685,6.2,361
20737,5.3,106
10991,5.9,137
10225,5.7,216
826,7.7,542
34086,4.7,25
5854,6.7,86
284,8.1,483
10285,4.2,193
5780,6.4,120
292,6.4,28
223485,6.6,367
29463,7,11
18065,5.3,36
22013,7.3,41
821,7.6,155
53862,4.5,4
3089,7.3,82
30139,3.7,10
132344,7.4,568
15582,3.8,46
15158,6.3,94
44634,5,3
30309,5.8,19
7509,6.8,34
10557,6.5,59
23531,3.1,11
28005,5.7,35
40247,6,57
252,7.4,798
24126,5.2,38
13982,5.4,39
16642,7.6,234
17734,6.4,25
18892,5.9,90
549,6.6,94
121986,7.2,345
868,6.9,94
10683,7.4,194
17995,6.1,4
246403,5.1,366
670,8,1945
35691,6.5,37
49010,5.7,211
317930,5.2,17
11229,6.5,95
22488,5.8,12
24469,6.9,250
82533,5.6,67
50942,4,21
84174,5.3,444
34099,3.7,3
79940,5.2,34
342,6.7,59
281230,6.3,2
38033,3.9,37
100975,5.8,5
38541,5.7,197
39563,6.1,15
234212,4.9,148
27404,3,5
170480,0,0
71866,5.4,32
192210,5.2,18
180296,5.3,171
157058,2.9,28
70006,5.8,136
26039,7.1,95
79587,0,0
176077,4.8,14
260947,4.6,16
342502,2.8,10
191229,6,1
43213,6.1,5
44594,6.3,22
666,7.6,126
248,7.3,25
325173,4.9,54
55831,6.8,3
351043,4.1,52
43942,6.6,36
10226,6.6,271
66942,6.1,34
356483,4.3,12
10476,6.9,99
239,8,808
10281,5.3,192
630,7.4,1642
3034,7.7,854
13025,5.4,190
21461,7.6,44
55306,6.5,19
17264,7,59
346081,9.5,2
16016,4.9,10
15875,6,30
5900,7,3
43306,6,8
11072,7.2,609
9730,5.9,237
209274,7.1,260
26371,7.1,61
14137,5.3,22
291,7.6,23
14139,7,308
33106,7.4,13
8875,5.2,38
872,7.8,727
72914,7.1,47
139038,5.4,516
126509,4.6,19
9591,6.8,225
10676,5,229
1687,6.3,264
24748,7.5,66
181330,7.1,95
468,7.1,212
401,7.1,618
76,7.7,959
50538,6.9,8
25636,6.7,22
19316,6.8,32
21074,5.2,15
84329,6.8,450
20,7.2,77
157386,6.8,1048
13007,7.2,197
13518,7,3
116584,7,1
46849,7.1,7
40428,5.5,6
17334,6.1,50
1698,6.1,61
20764,6,40
45132,6.6,441
76706,5,15
254472,4.9,63
332285,4.8,40
49471,7,11
13569,4.8,21
7512,6.3,664
356216,4.5,19
11798,7.4,363
146631,3.1,47
43546,7,4
61038,4.6,5
78373,10,1
17820,6.9,18
74457,4.7,6
283384,5.6,88
19933,6.7,93
756,7.2,808
433715,0,0
9728,5.7,254
9731,5.1,196
9916,6.2,11
309425,6.6,48
14156,5.7,5
43610,5.8,4
360339,5.6,19
31163,3.5,5
297621,5.4,12
16205,5.7,59
887,7.6,143
9517,6.7,125
6007,7,51
364083,0,0
8329,7.1,934
69640,4.5,4
371085,0,0
347548,5.1,36
322443,4.1,15
657,6.9,760
28165,5.3,39
11561,7,200
270303,6.6,1832
11624,6.6,215
595,8,657
8810,7.3,957
12207,7.2,242
226,7.2,353
92182,5.2,125
582,7.9,958
72213,6.8,77
990,7.6,240
55604,6.5,8
9662,7.3,231
20862,6.6,24
2771,7.1,120
80,7.6,718
55,7.6,521
11023,6.7,339
33667,6.8,47
39013,6.8,565
11194,7.6,138
43839,4.8,6
1382,7,107
44639,7.7,286
301351,6.3,658
4816,7.2,298
7873,6.3,197
331190,5.6,92
15186,4.8,26
17994,5.9,58
1378,6.3,140
8885,7.8,291
48382,5,2
12901,7.2,23
250124,6.8,279
14284,7.6,31
57120,6.5,77
12228,6.8,31
22617,7.1,19
55561,5.6,13
42889,4.6,19
10656,6.3,86
24363,6.1,23
13121,5.2,210
24746,5.8,36
325140,0,0
12109,7.1,52
27023,5.9,18
22913,6.3,10
273899,5.2,32
20653,6.7,3
67373,5,1
171759,5.6,13
206296,5.5,143
35219,6.4,9
28260,5.9,88
7515,6.1,96
13075,6.3,41
335866,6,333
13510,6.7,406
215881,5.4,40
18238,5.3,124
22600,6.8,16
12612,6.9,18
50698,6.1,381
115210,5.5,92
34335,5.2,84
459488,0,0
11302,6.7,165
119458,3.5,2
20406,5.8,2
3766,7.2,102
18616,4.4,27
18808,5.6,37
95755,5.7,50
198062,6.7,45
188652,6.6,8
174311,5.3,36
12602,6.3,12
153795,5.2,46
17768,6.1,24
13516,5.9,10
98549,3.9,8
312793,4.2,35
309919,4.4,24
299553,4.4,19
21309,6.7,59
32235,6.7,24
329540,5.8,49
26388,6.6,827
49020,7.4,443
159037,7.8,55
12838,5.8,12
157293,5.6,10
14048,7.5,275
356987,5.8,27
295886,6.9,21
38358,5.6,328
33511,7.2,244
702,7.6,281
935,8,1442
542,6.2,36
84175,6.8,403
1705,5.5,215
62677,5.6,9
50875,5.3,14
260778,6.7,5
58492,6.4,88
44562,5.5,12
37232,6.8,9
4929,6.7,192
36334,6.9,17
9783,5.3,33
386826,0,0
205126,4.2,22
98557,5,4
104,7.2,664
10894,6.3,152
246449,4.9,19
32579,7,28
1688,6.1,236
1999,6.4,89
43947,6.3,519
24066,5.5,39
9709,6,59
191714,7.3,221
25312,5.9,7
34106,7.2,79
11426,7.2,133
13909,7.1,61
206284,6,24
27455,6.3,3
66468,4.3,4
7973,6.8,52
283686,4.6,55
15976,7.6,20
592,7.5,372
74084,0,0
1651,6.7,32
25428,6.5,2
298584,4.4,111
10758,6.7,129
11690,6.6,363
3083,7.9,241
9344,6.8,279
10707,6.9,226
15647,5.9,48
308529,4.5,99
4174,7.3,160
20156,6.5,64
9464,7.1,166
49018,6.8,1737
13820,6.7,144
18079,7.4,153
127918,6.5,39
17113,6.5,43
129139,5.5,342
507,6.1,111
4012,6.8,151
14054,6.5,48
323271,3,1
10972,6.2,251
13066,5.7,12
66025,4.5,3
11908,5.7,159
3082,8.1,856
39541,6.4,9
1961,5.9,107
51820,3.5,1
291362,6.6,8
30082,6,2
72913,6,2
23963,6.6,183
29406,6.8,16
361505,10,2
104755,5.1,242
253306,6.5,358
29595,6.9,24
46729,6.8,6
294600,6,1
137347,6.4,13
290370,2.6,9
426469,7.4,7
356841,4.2,13
301325,3.3,52
347755,7.5,6
408,6.9,1914
44413,6.8,10
39209,5.4,12
48463,5.9,18
394047,5.3,6
312791,5.2,97
266034,6.2,32
280381,0,0
2661,6.1,203
100,7.5,1648
218500,0,0
309,7.7,207
27845,6.7,51
25784,5,1
52790,6.5,6
100275,6.1,30
295914,0,0
42033,2.8,10
19187,5.9,18
46415,2.3,4
38570,3.2,34
27588,5,66
223,7.7,336
9725,6,315
28580,7.4,112
23730,5.3,62
84197,5.9,10
46256,5.8,2
19997,6.7,79
43266,6.8,72
278316,4.1,13
1412,6.7,185
176,7.2,2184
39939,6.6,362
357834,0,0
215924,5.7,17
480,6.8,57
14295,6.8,88
11219,6.9,149
20770,6.5,101
176124,6.3,24
500,8,3697
60400,6.4,8
429,8.1,2311
310569,7.8,165
98369,5.8,25
114065,0,0
89750,6.8,6
49951,0,0
86331,4.1,140
355629,0,0
16433,6,11
15544,3.9,44
43884,6.8,18
107315,4.4,12
137955,4.8,12
13064,6.1,20
59917,6.7,13
157422,4.2,26
310933,2,1
7553,6.2,237
12877,7.2,151
39895,6.8,15
102840,5,1
55616,6.9,8
29697,6,9
50037,5.7,77
94329,7.3,1055
53502,3.1,6
202604,4.4,11
289,7.9,1422
27374,6.1,90
26815,7,27
811,6.3,177
1366,7.5,1791
244776,4.1,7
5769,6.1,39
277685,5.5,1047
103,8,2535
11298,6.4,161
646,6.9,940
93856,4.9,483
9003,6.9,449
347126,5.7,72
10092,5.6,126
10643,5.9,43
46705,6.9,890
546,6.9,144
76487,4.6,262
5722,6.6,53
39833,5.5,21
1781,6.7,251
18712,6.2,33
7944,7.2,44
171424,5,349
361475,7.5,12
113947,6.6,179
18570,7.4,217
83860,6.8,35
41469,6,20
244772,6.7,292
50837,6.7,277
248774,6.7,187
10183,6.7,99
159014,7.4,85
32456,5.4,24
49963,6.6,7
13508,7.2,59
22597,6.3,25
9707,6.7,191
37532,6.7,7
26791,7.3,4
56666,6.1,7
8675,6.2,115
13132,5.9,30
47686,7.7,10
46989,6.7,13
192132,6.4,348
24424,6.8,27
13198,6.7,160
244267,7.5,1063
21413,5.6,17
123678,7.5,210
13362,6.6,53
39183,4.7,3
62402,2.8,3
206412,4,1
201132,7.2,29
251471,6.4,55
112456,4.7,5
20296,3.4,6
25983,6,197
66195,6.2,135
16155,6.3,16
46727,5.2,7
55180,6,3
29015,5.5,11
91122,4.4,5
18206,6.2,20
320146,5.4,25
13856,6.6,32
219716,0,1
43630,4.8,2
56491,3.3,9
99826,8,1
186935,6.2,32
357441,8,1
19344,6.4,55
242083,4.9,23
18869,5.4,8
26673,3.5,4
41830,6.1,6
37694,5.5,3
63287,6.1,47
335874,4.5,2
34592,4.7,31
92635,4.8,11
258755,7.6,26
96534,5.7,3
21283,5,4
272724,3.2,3
84178,4.9,78
101179,5.7,117
52462,5.3,3
269057,6.6,8
287524,4,42
206213,3.5,34
248402,4.1,7
29146,6.6,28
207769,5.7,92
271185,5.5,155
29731,5,1
292539,7.4,8
654,8,357
91070,5.3,66
2009,7.3,156
323270,5,2
2652,6.8,701
9813,6.1,73
60421,7.4,23
157354,7.3,390
127867,5.8,160
3170,6.8,1405
14014,6.5,15
15708,6.7,56
146882,0,0
215918,5,1
84200,5.8,110
84184,6.4,163
45767,5.2,9
14823,6.5,34
367551,5,62
343409,2,1
60243,7.7,469
57294,7,1
11446,6.9,103
47889,5.6,10
25461,7.8,13
905,7.6,45
279759,0,0
78705,7.8,3
25212,6.1,7
26899,7.3,23
146269,0,0
292483,3.7,25
14451,6.1,311
10105,6.6,98
211557,5.9,8
838,6.9,324
40862,8,6
13158,6.5,35
84332,6.8,556
74510,7.7,43
74725,6,210
58428,5.4,219
8416,7.6,127
36584,5.6,5
13429,4.5,52
9022,5.7,209
22530,3.8,4
288,7.6,334
14275,7.7,87
2287,5.9,13
18734,6.7,31
206197,6.5,31
26837,5.5,7
7859,6.5,240
302579,0,0
51955,0,0
376004,5.2,16
158752,4.8,87
40658,6.2,5
296943,0,0
118612,5.6,63
138976,4.8,5
323967,5.3,26
3080,7.4,59
2667,6.3,1055
9459,7.1,66
11598,6.4,66
26916,5.5,2
181940,0,0
125263,6,2
263503,3,1
324322,5,1
331493,0,0
375950,6,63
278348,4.8,4
704,7.3,168
70875,0,0
75986,4.6,4
385636,6,1
14438,7,100
211086,4.2,3
23069,6.1,35
83,5.4,315
89857,5.8,22
30315,5.7,30
14358,7.2,8
2056,7.4,210
41144,6.2,21
35199,7.3,10
14271,7.8,17
16653,7.5,4
14757,6.3,32
84401,7,2
23655,5.6,6
36825,4.8,4
33430,7,11
12281,6.9,106
125052,4.8,4
96238,4,3
30246,5.3,4
7301,6.4,26
172533,6,356
180383,7.1,17
346,8.2,878
84318,6.9,7
45145,4.7,13
13983,4.9,8
45649,5.7,251
19844,4.2,11
21801,6.2,9
43933,6.2,587
73511,4,1
43653,5,1
139715,4.5,34
45380,6.9,22
30867,7,8
81220,5,2
253626,5.9,208
294550,0,0
90369,7.3,371
117942,3.5,14
380097,0,0
322194,3.4,4
98568,6.5,49
119657,0,0
380733,5.2,3
285743,6,2
362765,0,0
379532,5.5,1
253261,5,1
297100,2,1
15239,6.3,113
94072,4.3,4
4107,7.2,53
325579,2.4,4
15624,6.2,38
17287,5.9,41
198370,0,0
3062,6.1,37
328307,8,1
15389,7,38
464,6.9,42
308467,4.2,5
8193,6.7,554
188166,6.9,462
23827,5.9,1316
1282,7.2,52
762,7.8,1708
64499,7,7
281189,1,1
1435,7.5,22
47546,3.8,5
189711,5,2
19204,6.6,117
9029,5.8,923
18045,5.5,22
11240,6.6,51
43743,0,0
157909,5.6,4
10238,7.8,115
3059,7.4,60
15800,6.3,22
65203,5,19
764,7.3,894
103620,6,316
319069,5.1,8
14278,6.9,23
25678,4.9,49
79161,6.8,6
371690,4.7,3
389,8.2,2078
52032,7.6,9
3078,7.7,275
38810,6.9,332
21525,8,26
55123,6.2,11
11980,6.4,138
11956,6.1,16
1550,6.4,64
162396,0,0
26518,6.3,36
8942,6.4,64
68412,4.8,4
2786,7.6,127
87943,7.3,2
73981,5.5,3
91721,7,2
118452,3,1
47534,5.3,4
40914,2.8,6
365052,7,1
13282,5.9,124
250184,6.8,3
426067,0,0
324352,0,0
318040,6.2,11
27420,5,22
80468,5.7,45
84188,6.3,221
2255,6.7,433
50035,6.3,23
300327,0,0
14290,6.5,27
29371,5.7,13
44490,5.7,16
32222,5,4
378237,0,0
431,6.9,1069
76996,5.8,9
51942,7.5,12
1424,4.9,11
60420,6.4,381
325123,3,1
142132,5.5,2
20520,7,3
109729,4.1,75
78307,5.9,6
12247,6.9,57
29917,6.6,523
70687,4.8,3
60463,5.5,4
46252,0,0
24869,6.4,101
77934,5.7,7
34697,5,12
320435,0,0
150211,4.2,14
306667,5.5,2
274758,0,0
3060,7,21
40963,10,1
173224,7.7,3
18533,6.9,733
376010,0,0
139948,6.9,6
77332,5.2,10
70478,4.3,5
35073,6.7,41
9659,6.6,1213
10218,6.8,253
391,7.6,883
43595,5.1,27
194588,0,0
54897,6.5,10
83588,6.6,7
53256,6.3,31
40920,8,2
287815,8,1
54702,4.9,14
176074,5.5,2
69270,4.6,24
5759,5.8,23
402515,0,0
126141,7.7,3
48035,7.8,65
14758,6.1,34
13363,7.7,687
37985,6.8,4
25786,4.6,9
36549,6,4
361398,0,0
289180,6.5,4
288927,0,0
21334,7.8,112
79120,7.4,163
27995,6.1,25
253290,0,0
344466,0,0
55420,6.8,527
5822,4.6,18
408429,5,1
39141,5.5,19
5723,7.3,453
28666,4.9,4
30979,5.5,2
50497,5.8,49
354624,0,0
13187,7.5,153
335244,0,0
178862,7.2,11
331745,6.8,6
1779,7.4,90
282128,0,0
86812,6.3,108
38786,0,0
84355,6.5,137
18632,5.9,24
40652,7.1,20
339408,6.5,178
266857,0,0
18925,6.6,64
299245,4.9,361
985,7.5,485
34101,5.7,19
9821,7.1,51
65448,4.9,8
18841,6.5,30
272726,0,0
175291,6.3,155
80215,7.4,203
13538,5.2,40
51130,7,2
270554,5,1
72086,7.3,6
268917,5.5,2
64973,6.4,4
473,7.1,586
90414,6,1
111794,3.7,3
360188,3.3,3
9372,6.6,506
85860,4.5,11
244534,5.2,58
33468,4.4,32
294086,6.4,4
139998,6.7,10
74777,5.8,121
16388,6.3,23
159770,6,42
42109,6,2
47607,5.6,59
193603,5.1,6
84659,5,1
322745,8.3,3
20981,6.9,41
174362,5,1
242095,5.8,631
250902,5.7,3
158895,6.6,4
222250,6.8,2
18292,6.4,36
125537,7,1
326576,2,1
228550,3.2,8
13963,7.9,64
290391,3.5,2
44770,6.4,15
69382,0,0
40769,6.1,8
220490,0,0
42151,6.3,26
2292,7.4,755
42497,6,9
33693,6.3,8
14585,6.8,44
185465,5.5,2
38780,6,131
14022,6.4,77
366967,0,0
255266,6,1
17345,6.8,19
226458,4.7,79
24055,6.2,15
287625,0,0
44990,5.6,12
86304,4.2,13
692,6.2,110
39851,6.7,17
13898,6.6,17
157185,2,1
36095,7.4,63
182291,6,2
286939,0,0
124606,6,1
14337,6.9,658
67238,7.5,2
9367,6.6,238
72766,5.9,5
231617,7,6
126186,5.7,7
25975,6.3,16
1714811,0,0
1713003,0,0
1711927,0,0
1707276,0,0
1702398,0,0
1697811,0,0
1692623,0,0
1689833,0,0
1687358,0,0
1686134,0,0
1678795,0,0
1673392,0,0
1673262,0,0
1666165,0,0
1664241,0,0
1659488,0,0
1656298,0,0
1652994,0,0
1652423,0,0
1650060,0,0
1649764,0,0
1633043,0,0
1614488,0,0
1613446,0,0
1613022,0,0
1612283,0,0
1603157,0,0
1598464,0,0
1598432,0,0
1596448,0,0
1593547,0,0
1579129,0,0
1574526,0,0
1539785,0,0
1533346,0,0
1477299,0,0
1450473,0,0
1443069,0,0
1419019,0,0
1411140,0,0
1373789,0,0
1323717,0,0
1236491,0,0
1120865,0,0
1588900,0,0
1588798,0,0
1286030,0,0
1531947,0,0
1604487,0,0
1660570,0,0
1644719,0,0
1571521,0,0
1555901,0,0
1716448,0,0
1714798,0,0
1711282,0,0
1692277,0,0
1657317,0,0
1652778,0,0
1647071,0,0
1642786,0,0
1635312,0,0
1621673,0,0
1618829,0,0
1607851,0,0
1592329,0,0
1574910,0,0
1561065,0,0
1530151,0,0
1493004,0,0
1437882,0,0
1421903,0,0
1389373,0,0
1372443,0,0
977976,0,0
927334,0,0
1667828,0,0
1661859,0,0
1639456,0,0
1628731,0,0
1602431,0,0
1591264,0,0
1492730,0,0
1411089,0,0
1354930,0,0
1319512,0,0
1305546,0,0
1260263,0,0
1216052,0,0
1145110,0,0
659615,0,0
1708311,0,0
1552265,0,0
1482879,0,0
1458035,0,0
1300926,0,0
1697255,0,0
1646213,0,0
1629285,0,0
1533403,0,0
1361538,0,0
1323611,0,0
1695866,0,0
1640315,0,0
1625843,0,0
1716705,0,0
1694305,0,0
1677491,0,0
1666544,0,0
1653495,0,0
1621528,0,0
1583323,0,0
1530062,0,0
1416153,0,0
1277016,0,0
1676282,0,0
1655898,0,0
1632174,0,0
1200804,0,0
1652448,0,0
1170608,0,0
1003596,0,0
1413403,0,0
1715934,0,0
1713769,0,0
1712600,0,0
1709695,0,0
1698185,0,0
1551969,0,0
1501953,0,0
923493,0,0
1408207,0,0
1250854,0,0
767750,0,0
1695688,0,0
1655305,0,0
1644597,0,0
1339423,0,0
1260649,0,0
1691779,0,0
1688728,0,0
1608175,0,0
1421967,0,0
951687,0,0
1480539,0,0
797716,0,0
1711365,0,0
1707945,0,0
1707785,0,0
1703624,0,0
1649678,0,0
1418397,0,0
1713395,0,0
1712264,0,0
1569625,0,0
1568014,0,0
1566920,0,0
1502173,0,0
1498050,0,0
1389146,0,0
1301248,0,0
1712517,0,0
1686744,0,0
1678247,0,0
1623543,0,0
1617101,0,0
1556316,0,0
1533842,0,0
1499546,0,0
1477719,0,0
1423093,0,0
1403869,0,0
1706293,0,0
1635800,0,0
1568223,0,0
1462332,0,0
1137888,0,0
1084728,0,0
1078446,0,0
1702771,0,0
1693704,0,0
1687909,0,0
1678867,0,0
1661297,0,0
1608553,0,0
1598500,0,0
1592881,0,0
1472582,0,0
1444559,0,0
1233111,0,0
1699787,0,0
1652990,0,0
1625689,0,0
1498522,0,0
1702761,0,0
1606439,0,0
1716604,0,0
1715722,0,0
1674501,0,0
1673706,0,0
1339713,7.9,855
936075,8.648,2666
931285,7.985,1468
1275779,6.738,524
1523145,7.021,97
1226863,8.202,2685
1228710,6.741,490
1084244,7.404,109
1477317,7.586,64
1304313,8.038,1878
1007757,8.971,1715
1122573,6.611,243
687163,8.684,5206
976912,6.925,93
454639,7.231,247
1439930,8.343,1637
1582770,7.3,119
1083381,6.9,622
1380291,7.069,578
1327819,8.183,1642
1358005,6.55,219
83533,7.589,3487
1419406,7.76,866
1311031,7.716,867
1290821,7.667,1254
1430077,6.65,244
1318413,7.704,54
1390300,6.565,270
1273221,5.511,312
1297842,8.125,807
1318447,6.817,1488
1092936,7,137
1084242,7.667,2962
1305781,6.992,63
1291608,7.244,307
1560681,6.812,69
980477,8.15,718
1159559,6.176,1049
744275,7.003,2746
840464,6.439,1218
299536,8.2,32128
755898,4.085,1010
1368166,7.253,2452
1294203,7.402,579
1292415,6.377,53
1242898,7.793,3115
1010581,7.733,4097
301528,7.462,10589
460465,7.046,6798
1171145,6.996,1088
1292695,7.044,778
1613798,7.517,258
1325734,6.957,1056
1246049,7.159,1271
1480387,6.2,254
1265609,7.39,1924
634649,7.933,22078
1184918,8.315,6157
337167,6.672,8362
1314481,6.576,812
1198994,7.056,1789
1156594,7.374,688
1630423,8.656,244
803796,8.022,2898
1266127,7.694,1065
1156593,7.076,1565
1375646,6.9,62
533535,7.573,8775
1428990,5.45,60
441168,5.8,162
299534,8.238,27870
1234821,6.271,3426
911430,7.798,4086
1274706,5.559,68
496243,8.494,20747
1110034,6.287,155
1330021,8.563,634
1233413,7.498,4647
1641319,6.518,56
1038392,6.935,1890
315635,7.331,23222
1272837,7.139,1310
1116201,6.976,274
1301421,7.632,174
519182,7,3219
1061474,7.339,4885
47971,6.131,9241
425274,6.498,1569
1210938,6.379,203
1584215,6.494,89
1084577,5.9,266
1022789,7.545,6720
569094,8.337,8680
933260,7.133,6069
1168190,7.02,1077
1218925,8.419,942
429617,7.396,17004
875828,7.241,1023
1539104,6,100
575265,7.169,2866
662712,5.75,168
502356,7.605,10809
829557,5.942,1851
361743,8.159,11050
1306368,7.083,1671
858024,7.743,1395
1196067,6.105,214
872585,8.026,11865
1470130,5.5,117
438631,7.78,14973
1632181,9.06,267
1530510,7.58,75
181808,6.75,16370
1087192,7.929,2878
76600,7.594,14205
1316092,6.659,1118
939243,7.617,3307
1241982,7.007,3097
617126,6.961,3409
693134,8.127,8042
1119449,7.004,572
508642,7.277,943
950387,6.256,3037
680493,5.403,634
406997,8.106,8267
335984,7.595,15205
414906,7.661,12000
330457,7.23,10304
324857,8.393,17305
354912,8.198,21030
1197306,6.694,1945
533533,6.495,1440
537915,7.106,8529
1408208,6.821,469
284054,7.364,23532
1290417,6.067,643
912649,6.672,4259
1011985,7.002,3533
603692,7.709,7978
991494,6.9,300
1234731,5.882,1225
950396,7.65,3800
1404791,7.589,96
1228246,6.644,991
1236153,7.043,1395
572802,6.523,3506
829560,6.373,1323
1084187,6.756,410
1083637,7.19,84
346698,6.92,11159
541671,7.252,2667
1242265,6.458,130
263115,7.82,20438
545611,7.719,8025
552524,7.206,2178
762509,7.307,2674
519465,6.905,380
574475,7.038,2887
1317672,5.963,270
801335,7.562,869
378236,5.386,3326
1252309,6.153,291
1075175,6.231,506
1368881,5.977,344
402431,6.908,3060
1357633,7.16,272
1352310,6.2,138
1295400,7.236,140
385687,6.994,6345
1167307,8.1,151
1242332,6.5,166
1511057,6.569,130
1062722,7.637,3509
472269,6.132,329
1387382,6.953,247
1078605,7.26,3492
1340206,6.9,61
798645,6.78,1641
1115544,6.726,363
666277,7.7,2338
315162,8.207,8885
848116,6.152,88
664413,6.992,9527
581528,7.874,1484
1340110,6.7,147
1368314,6.3,70
1241634,6.412,142
1317288,7.386,1856
1383731,8.443,281
818647,7.351,3349
985939,7.14,4639
508883,7.402,2649
615656,6.374,3996
475557,8.123,27795
1159831,6.171,520
1054867,7.355,3798
467905,7.046,453
637649,7.574,6119
284053,7.581,22058
466272,7.421,14886
1175942,7.66,792
823464,7.047,4693
1352874,5.603,58
427641,6.457,7555
321612,6.968,16018
588228,7.5,4200
1010755,5.787,207
447273,4.315,1648
1100988,6.612,2597
1257009,6.629,350
447365,7.931,8384
383498,7.491,19269
822119,5.969,3120
337404,7.972,10085
781732,6.117,192
1268127,7.443,148
843527,7.28,1960
1119090,8.3,91
453395,7.229,10380
411088,8.08,5001
507086,6.598,7080
1193501,6.294,467
539972,6.436,2359
619803,7.34,440
1022787,6.918,1007
419430,7.624,18943
986056,7.289,3580
530442,4.9,109
838209,7.612,712
579974,7.715,1608
1197137,6.694,1154
1117857,6.968,222
508947,7.336,5885
866398,7.267,4280
520023,6.153,1469
370172,7.339,7142
338953,6.627,5115
424783,6.721,6642
645710,6.521,1195
823219,8.083,2854
260514,6.861,6403
1317149,8.236,355
1072790,6.766,3087
614479,6.5,1973
587412,7.373,208
568124,7.569,10224
345940,6.248,8215
791373,8.089,10863
916224,7.887,1750
508442,8.092,11446
1223601,7.3,793
976573,7.578,5316
567609,7.075,5531
592695,6.272,797
1367642,7.732,313
505642,7.006,7494
667538,7.169,5292
359410,6.944,3074
812037,6.095,247
420818,7.096,10758
613504,7.152,5465
1214931,7.56,1110
810693,8.102,1767
515916,7.161,764
436969,7.459,9612
615453,7.908,872
384018,6.832,7778
1659087,5.767,120
438148,7.266,4024
786892,7.454,4911
508943,7.782,8967
524047,7.128,5342
1034541,6.786,1967
1639398,7.3,91
324552,7.34,14299
945961,7.164,4585
1145899,6.354,113
1064213,7.1,3188
370663,6.803,1298
701387,7.323,1999
439079,5.9,7181
166426,6.659,12839
713704,6.9,3700
497698,7.168,11271
739405,6.465,1965
400928,7.998,5956
1173558,6.254,244
616037,6.368,8591
260513,7.453,13706
752623,6.456,4006
166428,7.752,7131
550988,7.452,9860
420817,7.1,10634
546554,7.841,14073
696506,6.835,3613
530385,7.15,8111
1144107,8.508,59
298618,6.615,5016
601796,6.864,546
399579,7.257,10057
