movie_id,keyword_id
862,1
862,2
862,3
862,4
862,5
862,6
862,7
862,8
862,9
710,10
710,11
710,12
710,13
710,14
710,15
710,16
710,17
710,18
710,19
710,20
710,21
710,22
710,23
710,24
5,25
5,26
5,27
5,28
5,29
5,30
5,31
5,32
5,33
5,34
8012,35
8012,36
8012,37
8012,38
8012,39
8012,40
8012,41
8012,42
8012,43
8012,44
8012,45
8012,46
8012,47
8012,48
8012,49
8012,50
8012,51
8012,52
1710,53
1710,54
1710,55
1710,56
1710,57
1710,58
1710,59
9598,60
9598,61
9598,62
9598,63
9598,64
9598,65
9598,66
9598,67
9598,68
9598,69
687,70
687,71
687,72
687,73
687,74
687,75
687,76
687,77
687,78
687,79
687,80
687,81
687,82
687,83
687,84
687,85
687,86
687,87
687,88
687,89
687,90
687,91
687,92
687,93
687,59
629,94
629,95
629,96
629,97
629,98
629,99
629,100
755,101
755,102
755,103
755,104
755,105
755,106
755,107
755,108
755,109
755,110
755,111
755,112
755,113
755,114
755,115
755,116
755,117
755,118
755,119
755,120
755,121
755,122
755,123
755,124
755,125
755,126
16388,127
16388,128
16388,129
16388,130
16388,131
9737,36
9737,132
9737,133
9737,134
9737,135
9737,136
9737,137
9737,138
9737,139
9737,140
9737,114
9737,141
9737,142
9737,143
9737,144
9737,145
9737,146
9737,147
9737,148
9737,149
9737,150
9737,151
9737,152
568,153
568,154
568,155
568,156
568,157
568,158
568,159
568,160
568,161
568,162
568,163
568,114
568,164
568,165
568,166
568,167
568,168
568,169
568,170
568,171
568,172
414,173
414,174
414,175
414,176
414,177
414,178
414,179
414,180
414,58
414,49
414,97
414,181
414,182
414,183
414,184
414,185
414,186
414,187
414,188
414,189
414,190
8963,191
8963,192
8963,193
8963,194
8963,195
8963,196
8963,197
8963,198
8963,199
8963,200
8963,201
8963,202
8963,203
8963,204
8963,205
8963,206
8068,207
8068,208
8068,209
8068,210
8068,104
8068,211
8068,107
8068,212
8068,213
8068,214
8068,215
8068,216
8068,217
8068,114
8068,115
8068,141
8068,144
8068,218
8068,219
8068,220
8068,221
1642,222
1642,223
1642,13
1642,224
1642,225
1642,226
2292,227
2292,228
2292,229
8984,230
8984,231
8984,232
8984,233
20156,234
20156,235
20156,236
20156,128
20156,237
522,238
522,239
522,240
522,241
522,242
522,243
522,244
522,245
522,246
522,247
522,248
522,249
522,250
522,251
522,252
522,31
522,253
522,254
522,255
522,256
522,257
522,258
522,259
14275,260
14275,261
14275,262
14275,263
14275,264
14275,265
14275,266
14275,267
14275,128
14275,268
14275,269
11,270
11,271
11,272
11,273
11,274
11,275
11,276
11,277
11,278
11,279
11,280
11,281
11,282
11,283
11,284
11,285
4476,102
4476,286
4476,37
4476,287
4476,288
6950,289
6950,290
6950,291
6950,292
6950,293
6950,294
6950,295
6950,296
680,297
680,298
680,299
680,247
680,300
680,301
680,302
680,303
680,304
680,305
680,306
680,307
680,308
680,309
680,310
680,311
680,96
680,141
11395,312
11395,313
11395,314
11395,315
11395,316
11395,317
278,70
278,318
278,53
278,80
278,319
278,320
278,321
278,322
278,323
278,324
1587,102
1587,325
1587,326
1587,327
1587,328
1587,128
3049,329
3049,330
3049,331
3049,332
9495,333
9495,334
9495,335
13,336
13,337
13,325
13,338
13,37
13,339
13,340
13,4
13,127
13,341
13,342
13,343
13,200
13,344
13,345
13,346
13,220
13,347
13,348
712,349
712,350
712,351
712,352
712,353
712,354
712,355
712,356
712,357
712,358
712,359
712,360
712,361
712,362
712,4
712,363
712,364
8587,365
8587,366
8587,367
8587,368
8587,308
8587,369
8587,370
8587,371
8587,372
854,373
854,374
854,375
854,376
854,377
854,378
854,379
37233,380
37233,94
37233,381
37233,382
37233,383
37233,384
5503,260
5503,104
5503,385
5503,386
5503,82
5503,83
5503,85
5503,224
5503,387
5503,388
5503,389
5503,390
5503,391
5503,392
5503,393
5503,394
5503,395
5503,114
5503,396
5503,397
5503,398
5503,323
5503,220
5503,152
5503,399
5503,400
5503,401
11934,402
11934,403
11934,318
11934,404
11934,405
11934,385
11934,2
11934,406
11934,407
11934,408
11934,409
11934,410
11934,411
11934,42
11934,412
11934,413
329,414
329,415
329,416
329,417
329,418
329,419
329,420
329,421
329,422
329,423
329,424
329,425
11971,426
11971,427
11971,428
11971,89
11971,429
11971,363
11971,233
1245,430
1245,431
1245,432
1245,433
1245,434
1245,435
1245,436
1245,437
1245,438
1245,439
78,440
78,441
78,442
78,443
78,270
78,444
78,445
78,392
78,446
78,31
78,447
78,448
319,449
319,244
319,135
319,450
319,451
319,127
319,41
319,31
319,50
319,452
319,453
771,312
771,454
771,396
771,455
771,456
771,457
771,458
771,459
771,317
771,460
812,461
812,462
812,463
812,464
812,127
812,465
812,466
812,294
812,467
812,229
812,468
812,469
280,442
280,470
280,471
280,444
280,472
280,473
280,49
280,474
280,475
280,476
280,477
280,478
280,479
581,480
581,37
581,481
581,482
581,483
581,484
581,485
581,486
581,79
581,487
581,488
581,489
581,90
581,490
581,491
581,492
581,493
274,37
274,494
274,495
274,496
274,57
274,497
274,498
274,499
274,500
274,501
408,502
408,27
408,503
408,504
408,505
408,506
408,507
408,508
408,464
408,509
408,510
11827,511
11827,239
11827,512
11827,513
11827,514
11827,515
11827,516
9099,517
9099,518
9099,393
9099,519
36355,329
36355,154
36355,520
36355,521
9802,522
9802,380
9802,523
9802,524
9802,118
9802,499
664,525
664,526
664,527
664,528
664,529
664,530
664,531
664,532
664,533
664,534
664,535
664,163
664,536
664,537
664,538
9879,539
9879,136
9879,540
9879,541
9879,542
9894,70
9894,543
9894,544
9894,545
9894,546
26748,105
26748,547
26748,548
26748,549
9294,550
9294,551
9294,552
9294,553
9294,395
9294,554
238,555
238,350
238,450
238,556
238,557
238,41
238,382
238,558
238,559
238,560
238,561
238,324
9303,70
9303,562
9303,496
9303,41
9303,563
9303,47
9303,564
9303,33
22479,565
22479,566
22479,567
22479,568
630,27
630,569
630,37
630,12
630,570
630,571
630,572
630,526
630,573
630,462
630,574
630,575
630,576
630,577
630,578
630,59
630,579
770,580
770,581
770,582
770,583
770,352
770,584
770,585
770,586
770,587
770,588
770,589
62,153
62,590
62,440
62,441
62,591
62,592
62,593
62,594
62,595
62,596
62,164
62,597
62,598
62,599
3083,318
3083,600
3083,601
3083,602
3083,603
3083,565
3083,604
3083,605
3083,606
3083,607
173,608
173,609
173,191
173,610
173,611
173,612
173,613
173,614
173,615
173,616
173,617
173,618
173,619
173,620
173,621
173,622
173,623
15121,624
15121,625
15121,626
15121,462
15121,627
15121,628
15121,629
15121,577
15121,630
15121,631
15121,632
15121,633
15121,634
15121,635
15121,636
15121,637
15121,638
562,639
562,404
562,37
562,640
562,641
562,313
562,642
562,643
562,644
562,645
562,646
562,39
562,647
562,216
562,31
562,648
562,114
562,49
562,499
562,649
562,650
562,651
562,652
562,151
10163,571
10163,653
10163,654
10163,655
10163,656
10163,657
10163,658
11412,659
11412,660
11412,643
11412,224
11412,545
11412,661
11412,391
11412,662
11412,663
11412,509
11412,664
11412,665
11412,666
11412,667
10586,668
10586,572
10586,669
10586,159
10586,670
10586,671
10586,672
10586,673
10586,674
10218,128
10218,675
10218,46
10218,676
10218,677
10218,51
10218,678
10218,679
10218,680
10218,258
11561,681
11561,682
11561,683
11561,444
11561,684
11561,685
11561,686
11561,128
11561,687
11561,688
11561,689
11561,690
500,691
500,692
500,494
500,693
500,647
500,388
500,694
500,391
500,695
500,696
500,697
500,698
500,699
500,700
500,701
500,702
500,703
500,704
500,705
500,706
500,707
792,708
792,709
792,710
792,340
792,711
792,712
792,713
792,714
792,715
792,716
792,717
792,718
9504,719
9504,720
9504,721
9504,722
9504,409
9504,723
9504,59
9504,724
9504,725
9504,726
9504,448
744,727
744,728
744,729
744,79
744,730
744,23
744,507
744,731
744,732
744,733
744,734
744,735
744,736
744,197
744,737
744,738
744,59
744,739
2756,609
2756,740
2756,615
2756,741
2756,195
2756,742
2756,743
2756,619
2756,620
2756,621
2756,744
2756,745
2756,746
10765,747
10765,748
1891,749
1891,270
1891,750
1891,751
1891,752
1891,753
1891,754
1891,274
1891,275
1891,755
1891,278
1891,281
1891,282
1891,284
1891,756
1891,757
1891,758
1891,759
2493,760
2493,761
2493,762
2493,763
2493,764
2493,765
85,766
85,173
85,767
85,768
85,769
85,770
85,771
85,772
85,773
85,774
85,775
85,435
85,776
85,777
85,778
85,779
85,780
85,781
85,782
85,783
85,784
85,785
68,786
68,787
68,788
68,789
68,571
68,444
68,684
68,690
679,270
679,790
679,791
679,156
679,792
679,793
679,753
679,794
679,795
679,594
679,796
679,797
679,798
389,799
389,800
389,801
389,74
389,802
389,803
389,804
389,81
389,805
389,806
389,807
389,808
389,92
389,809
28,810
28,289
28,339
28,811
28,812
28,292
28,743
28,813
28,814
28,713
28,815
28,816
28,817
769,70
769,37
769,154
769,818
769,819
769,820
769,821
769,822
769,159
769,39
769,557
769,712
769,41
769,47
769,823
769,115
769,49
769,824
769,825
769,826
348,270
348,827
348,791
348,828
348,829
348,444
348,830
348,831
348,754
348,160
348,797
348,832
348,833
348,834
348,835
348,798
539,25
539,836
539,837
539,838
539,839
539,840
539,42
539,841
539,842
539,843
539,96
539,331
539,844
525,101
525,70
525,260
525,845
525,846
525,847
525,848
525,849
525,435
525,575
525,850
525,851
525,852
525,853
525,854
525,855
525,856
525,857
525,858
525,143
525,859
525,860
525,861
525,862
525,863
240,864
240,10
240,245
240,865
240,866
240,214
240,41
240,382
240,867
240,868
240,869
240,870
10705,426
10705,709
10705,871
10705,618
10705,629
10705,872
10705,873
10705,874
279,555
279,875
279,876
279,877
279,878
279,589
279,879
279,39
279,880
279,881
279,882
1578,297
1578,1
1578,883
1578,884
1578,247
1578,822
1578,646
1578,885
1578,265
1578,886
1578,115
1578,887
9549,888
9549,730
9549,594
9549,889
9549,890
9549,891
9549,164
9549,892
9549,893
9277,260
9277,28
9277,894
9277,895
9277,896
9277,897
9277,49
9277,898
9277,899
9277,900
9277,901
9277,902
9277,638
9277,903
218,766
218,440
218,749
218,442
218,470
218,904
218,905
218,444
218,143
218,906
218,907
218,908
207,238
207,909
207,910
207,426
207,911
207,912
207,4
207,913
826,914
826,624
826,915
826,289
826,916
826,917
826,669
826,731
694,25
694,918
694,919
694,920
694,921
694,213
694,922
694,923
694,924
694,925
694,926
694,927
694,928
694,929
694,930
694,931
765,932
765,933
765,934
765,935
765,936
765,49
765,937
765,938
765,939
765,940
765,941
765,942
765,943
765,944
765,945
137,946
137,947
137,948
137,949
137,950
137,951
137,952
137,953
137,954
137,724
137,955
137,956
33,543
33,105
33,957
33,958
33,91
33,214
33,959
33,960
33,961
33,962
105,963
105,964
105,640
105,965
105,966
105,211
105,967
105,968
105,405
105,969
105,970
105,157
105,177
105,971
105,972
105,973
105,974
105,975
105,976
105,977
105,978
105,979
105,980
105,981
105,982
105,983
105,984
105,985
105,986
11202,290
11202,626
11202,987
11202,822
11202,890
11202,988
11202,989
11202,990
11202,991
11202,975
11202,992
149,766
149,993
149,994
149,995
149,996
149,290
149,997
149,998
149,999
149,1000
149,444
149,292
149,446
149,1001
149,1002
3034,998
3034,1003
3034,1004
3034,358
3034,1005
3034,1006
3034,972
3034,44
3034,1007
3034,1008
3034,1009
3034,1010
89,766
89,1011
89,1012
89,1013
89,173
89,449
89,772
89,773
89,435
89,1014
89,1015
89,780
89,391
89,1016
89,1017
89,783
89,784
89,785
639,403
639,525
639,1018
639,1019
639,1020
639,4
639,1021
1598,70
1598,1022
1598,71
1598,1023
1598,1024
1598,541
1598,214
1598,382
1598,1025
1598,1026
1598,1027
1598,1028
377,1029
377,1030
377,1031
377,1032
377,1033
377,1034
377,1035
377,929
377,1036
377,456
377,189
377,1037
377,1038
25189,681
25189,911
25189,363
25189,33
25189,1039
199,1040
199,1041
199,1042
199,1043
199,442
199,286
199,624
199,405
199,895
199,1044
199,1045
199,282
12498,128
12498,1046
12498,1047
12498,1048
12498,1049
12498,1050
12498,190
1573,209
1573,639
1573,404
1573,37
1573,134
1573,1051
1573,646
1573,1052
1573,1053
1573,927
1573,1054
1573,216
1573,1055
1573,1056
1573,114
1573,856
1573,49
1573,1057
1573,649
1573,1058
1573,1059
1573,1060
1573,1061
174,1062
174,1040
174,1041
174,1063
174,1064
174,1065
174,81
174,1066
174,406
174,1067
174,282
168,766
168,522
168,1064
168,970
168,1068
168,1069
168,1070
168,282
364,312
364,318
364,1071
364,174
364,1072
364,1073
364,316
364,176
364,1074
364,178
364,49
364,1075
364,1076
364,1077
364,188
364,1078
364,1079
364,1080
364,1081
11967,318
11967,105
11967,1082
11967,1083
11967,1084
11967,1085
11967,1086
578,1087
578,1088
578,1089
578,1090
578,1091
578,1092
578,507
578,1093
578,1094
578,1095
578,1096
75,766
75,993
75,1097
75,1098
75,1099
75,1100
75,1101
75,1102
75,1103
75,1104
75,741
9390,997
9390,1105
9390,265
9390,1106
3179,600
3179,1107
3179,25
3179,1108
3179,1109
3179,30
3179,393
3179,1110
3179,1058
3179,516
3179,1111
9361,738
9361,1112
9361,491
9361,882
9361,1113
9311,1114
9311,1115
9311,1116
9311,1117
9311,927
4477,403
4477,640
4477,804
4477,1118
2255,1119
2255,1120
2255,354
2255,1121
2255,1122
2255,1123
2255,1124
2255,128
2255,563
2255,129
9434,1125
9434,1126
9434,1127
816,270
816,385
816,194
816,1128
816,734
816,1129
816,970
816,1130
816,1131
816,1132
816,1133
816,1134
816,1135
816,1136
816,1137
816,229
816,1138
18,1139
18,239
18,442
18,771
18,683
18,1140
18,594
18,157
18,1141
18,127
18,797
18,113
18,1142
18,755
18,216
18,1143
18,1144
18,823
18,282
18,200
18,1145
18,1146
18,1147
18,1148
18,1149
18,1150
330,414
330,415
330,416
330,417
330,1151
330,1152
330,422
330,425
330,1096
415,1071
415,174
415,373
415,1072
415,1153
415,176
415,178
415,1154
415,188
8874,544
8874,352
8874,428
8874,354
8874,1155
8874,1156
8874,738
8874,363
607,12
607,905
607,385
607,791
607,1157
607,1158
607,223
607,1159
607,1160
607,741
607,1161
607,797
607,1162
686,37
686,155
686,1163
686,790
686,1164
686,1165
686,1166
686,1167
686,1168
686,1169
686,1170
686,1009
686,1057
686,1171
686,1172
686,1173
686,1174
686,1175
686,1176
10603,668
10603,522
10603,1177
10603,572
10603,1178
10603,713
8413,791
8413,107
8413,1031
8413,1073
8413,792
8413,594
8413,1179
8413,743
8413,923
8413,1180
8413,1181
8413,1182
8413,1183
8413,1170
8413,114
8413,49
8413,1184
8413,1185
8413,220
8413,1186
8413,1187
8413,1188
8413,1189
20737,1190
20737,1191
20737,1192
14585,720
14585,127
14585,128
14585,841
14585,1193
8854,174
8854,31
8854,715
8854,200
1669,191
1669,888
1669,1194
1669,1195
1669,1196
9427,481
9427,540
9427,1197
9427,1198
9427,1199
782,1200
782,481
782,222
782,415
782,156
782,223
782,1201
782,1202
782,1203
782,1204
782,595
782,444
782,408
782,445
782,737
782,1205
782,1206
782,1207
563,153
563,750
563,791
563,1208
563,1209
563,751
563,444
563,292
563,686
563,754
563,715
563,1210
563,200
489,1211
489,1212
489,911
489,1213
489,1214
489,1215
489,1216
489,552
489,127
489,5
489,1217
489,1218
489,58
489,1219
489,809
489,220
489,1220
4584,1221
4584,37
4584,1222
4584,1223
4584,1224
4584,1225
4584,1226
4584,1227
4584,1228
4584,1229
4584,1230
451,238
451,543
451,1231
451,1107
451,350
451,727
451,244
451,1232
451,29
451,507
451,89
451,90
451,1233
451,31
451,1234
451,1235
8987,289
8987,1236
8987,1212
8987,108
8987,589
8987,1237
8987,1238
8987,97
8987,1239
1645,1240
1645,71
1645,1241
1645,800
1645,539
1645,506
1645,86
1645,92
1645,1242
1645,39
1645,496
1645,382
1645,1243
1645,809
1645,1244
1645,1245
1645,1246
1645,1247
10478,1248
10478,1249
10478,1156
10478,265
10478,1250
409,769
409,771
409,1251
409,660
409,626
409,1252
409,1253
409,1254
409,1255
409,1256
409,1257
409,1258
409,916
409,1259
409,1260
409,1261
409,1262
409,1208
409,691
409,1263
409,734
409,738
9819,1264
9819,1265
9819,1266
9819,1267
9819,1268
9819,1269
4232,333
4232,712
4232,57
4232,1033
4232,1270
4232,1271
4232,1272
4232,1273
8818,543
8818,1274
8818,1275
8818,1276
8818,1277
8818,560
8818,1278
8818,1279
66,318
66,659
66,600
66,71
66,1097
66,1099
66,1024
66,684
66,496
66,1280
66,1281
9366,385
9366,1282
9366,41
9366,44
9366,1283
9366,1284
9366,1285
9366,1286
9366,1287
9366,1288
1624,1289
1624,1290
1624,1291
1624,1292
1624,1293
1624,1294
1624,1295
2163,1289
2163,374
2163,1296
2163,1297
2163,644
2163,1298
2163,1299
2163,532
2163,1300
2163,1301
2163,1302
2163,39
2163,496
2163,1303
2163,1304
2163,1305
2163,1306
2163,143
2163,1307
2163,1308
2163,1309
55306,449
55306,154
55306,301
55306,328
55306,128
55306,1310
55306,116
55306,1311
55306,1312
55306,1313
754,385
754,135
754,1314
754,1315
754,89
754,646
754,737
754,214
754,1302
754,1316
754,216
754,1317
754,1318
754,31
754,114
754,115
754,499
754,1319
754,1320
754,220
754,1321
754,1322
754,1323
9772,70
9772,318
9772,404
9772,1097
9772,643
9772,1324
9772,1237
9772,1325
9772,1326
9772,1327
9772,140
9772,1328
9772,1280
9772,1329
9772,1330
9772,1331
9772,1332
9772,1333
10806,1334
10806,1335
10806,1120
10806,1336
2118,318
2118,132
2118,470
2118,1337
2118,714
2118,886
2118,842
2118,48
2118,181
2118,1338
2118,1339
2118,1340
2118,1341
2118,1342
2118,1343
2118,1344
2118,1345
2118,1346
68924,37
68924,818
68924,1347
68924,328
68924,128
1813,1022
1813,582
1813,1044
1813,1348
1813,107
1813,1349
1813,1350
1813,1073
1813,1215
1813,1351
1813,589
1813,1352
1813,1353
1813,1182
1813,1354
1813,1170
1813,1355
1813,809
1813,1356
1813,383
1813,1357
1813,1358
1813,1359
1813,1360
11975,800
11975,1361
11975,81
11975,1266
11975,382
11975,809
8197,1362
8197,1363
8197,1364
597,1090
597,1365
597,617
597,1366
597,1367
597,1368
597,1369
597,1370
597,127
597,163
597,1371
597,1372
597,165
597,1373
597,1374
597,1375
597,1376
597,1377
597,1378
2898,1379
2898,1380
2898,355
2898,4
2898,1086
2898,1381
2898,59
2898,928
2898,1027
2898,1382
2898,1383
2898,1384
2898,1385
424,1386
424,1387
424,709
424,1388
424,626
424,435
424,1389
424,822
424,1390
9716,747
9716,1011
9716,1391
9716,719
9716,727
9716,1392
9716,134
9716,1393
9716,1394
9716,1395
9716,952
9716,352
9716,428
9716,1018
9716,1396
9716,333
9716,1397
9716,429
9716,462
9716,1398
9716,1347
9716,1399
9716,1400
9716,1401
9716,1402
9716,328
9716,128
9716,341
9716,1403
9716,1404
9716,308
9716,1405
9716,1317
9716,1406
9716,1407
9716,1408
9716,1409
9716,823
9716,538
9716,907
9716,650
9716,724
9716,1410
9716,1411
9716,1412
9716,1413
9716,1414
9716,1415
9716,1416
9716,1417
9716,1418
9716,1419
9716,1420
9716,257
9716,220
9716,1421
9716,1422
9716,1423
9716,1424
9716,1425
9619,639
9619,1023
9619,1426
9619,1427
9619,840
9619,1428
9619,1429
9619,1430
9619,1431
9619,533
9619,1432
9619,1433
9619,161
9619,114
9619,1009
9619,1434
9619,1435
9619,1436
9619,1437
9619,1438
9619,1439
9619,1440
9619,1441
4421,1442
4421,1443
4421,639
4421,17
4421,1444
4421,1445
4421,618
4421,292
4421,232
4421,1446
4421,1447
4421,715
4421,1448
4421,1449
4421,1210
4421,200
4421,1450
4421,1451
4421,1452
4421,1453
2142,318
2142,1119
2142,133
2142,380
2142,669
2142,541
2142,1454
2142,39
2142,138
2142,128
2142,1455
2142,334
2142,1283
2142,139
2142,1456
2142,823
2142,49
2142,1457
2142,1458
2142,1459
2142,152
8834,403
8834,1460
8834,639
8834,1461
8834,234
8834,1044
8834,1462
8834,380
8834,884
8834,1463
8834,224
8834,1464
8834,889
8834,684
8834,685
8834,1465
8834,39
8834,496
8834,1327
8834,1466
8834,220
8834,1467
8834,1468
8834,1469
9433,1470
9433,1471
9433,1472
9433,734
9433,1473
9433,1474
9433,496
9433,162
9433,1475
9433,1096
9437,600
9437,1476
9437,408
9437,1477
9437,1478
2649,102
2649,1291
2649,1479
2649,1480
2649,1481
9770,404
9770,1482
9770,1483
9770,128
4995,1484
4995,681
4995,1485
4995,1486
4995,1487
4995,50
4995,1488
4995,1489
61337,846
61337,686
61337,1317
61337,1490
9414,1491
9414,1492
9414,102
9414,639
9414,37
9414,374
9414,1493
9414,1494
9414,1403
9414,391
9414,1495
8078,270
8078,1496
8078,444
8078,1053
8078,797
8078,388
8078,1497
8078,1498
8078,1009
8078,1499
8078,1500
8078,280
8078,1501
8078,1502
8078,1503
8078,1504
8078,1505
8078,798
8078,1506
8078,1507
8078,1508
2895,1509
2895,1510
2895,1
2895,1511
2895,1512
2895,1513
2895,1514
2895,1515
2895,86
2895,128
2895,117
2639,403
2639,1516
2639,743
2639,128
2639,1381
184,134
184,1517
184,1518
184,1519
184,541
184,50
11258,105
11258,839
11258,1427
11258,1520
11258,1521
11258,32
6116,1522
6116,1523
6116,1524
9457,1368
9457,1525
9457,1526
9457,1527
10153,609
10153,790
10153,791
10153,884
10153,1528
10153,797
10153,58
10153,1529
10153,744
10731,402
10731,102
10731,137
10731,1530
10731,1531
10731,408
10731,1532
10731,382
10731,47
510,238
510,749
510,1533
510,1463
510,1534
510,507
510,89
510,490
510,743
510,1535
510,1536
10336,1537
10336,1538
10336,646
10336,1539
10336,1540
9273,668
9273,1541
9273,1542
9273,1543
9603,1544
9603,1545
9603,1546
9603,1547
9603,1548
9603,1549
9603,33
9095,1222
9095,1550
9095,1006
9095,1551
9095,1552
9095,492
10802,101
10802,1553
10802,1554
10802,1555
10802,1350
10802,540
10802,1556
193,393
193,816
193,1557
193,1558
193,1559
888,1560
888,1
888,1561
888,1562
888,1563
888,1564
888,406
888,4
888,129
888,422
36955,1565
36955,640
36955,154
36955,1566
36955,644
36955,1567
36955,520
36955,1538
36955,1568
36955,1569
36955,1570
36955,1571
36955,1572
36955,1573
36955,1574
36955,1575
10436,349
10436,403
10436,429
10436,1576
10436,382
10436,492
306,132
306,385
306,1577
306,1578
306,408
306,1519
306,1053
306,161
306,1579
306,216
306,1283
306,140
306,31
306,114
306,49
306,142
306,1580
306,143
306,1280
306,423
306,1581
306,1582
306,1583
9593,461
9593,1584
9593,1007
9593,1585
9593,1586
9593,1587
9593,1272
9593,1588
9593,1589
788,522
788,1590
788,1018
788,1591
788,1592
788,1593
788,1594
11592,1595
11592,1596
11592,1597
11592,1598
11592,39
11592,128
11592,1599
9607,766
9607,102
9607,1600
9607,422
9607,1601
9607,33
9607,1602
251,318
251,241
251,1603
251,1604
251,1605
251,1606
251,1607
268,1071
268,174
268,373
268,1608
268,1072
268,1153
268,176
268,178
268,188
10895,555
10895,1292
10895,461
10895,1609
10895,1610
10895,1611
10895,1294
10895,3
10895,1612
10895,1613
10895,466
10895,1614
10895,1615
10895,1616
10895,1617
10895,1618
10895,9
954,747
954,1491
954,1565
954,1460
954,640
954,12
954,385
954,1518
954,1619
954,14
954,1620
954,1621
954,196
954,1538
954,1622
954,225
954,1623
954,393
954,1624
954,1495
10280,1625
10280,1626
10280,1627
10280,1628
10535,999
10535,1007
10535,1136
11543,265
11543,1629
11543,1630
11543,1631
11543,1632
11543,1633
11543,1634
11543,1635
11543,1636
11543,1637
11543,1638
11543,1639
11543,1640
11543,1641
11543,1642
9327,1643
9327,1644
9327,1138
433,1491
433,101
433,1590
433,374
433,1645
433,708
433,1646
433,1591
433,1647
433,461
433,1648
433,462
433,1649
601,1062
601,1650
601,155
601,790
601,1651
601,791
601,450
601,1652
601,1653
601,741
601,1654
601,333
601,1655
601,1656
601,1657
595,1658
595,37
595,1645
595,503
595,918
595,1659
595,72
595,1660
595,1661
595,1662
595,1663
595,1664
595,81
595,1665
595,91
595,92
595,460
8009,403
8009,1666
8009,1667
8009,1668
8009,1669
8009,1670
756,1671
756,1672
756,1673
642,1674
642,890
642,1675
794,1676
794,1677
794,1102
794,1591
794,1678
794,1351
794,1679
794,1680
794,1681
794,1682
794,59
794,783
152,440
152,1683
152,1041
152,522
152,1684
152,1685
152,1067
152,1070
152,282
172,1040
172,1041
172,1064
172,1686
172,1687
172,1684
172,643
172,1688
172,1689
172,1067
172,1070
172,282
621,511
621,995
621,338
621,1690
621,462
621,6
621,1691
621,1692
621,1693
621,1694
621,1695
621,1696
621,1697
621,1698
621,1699
621,1700
621,1701
621,1702
621,1703
579,1426
579,421
579,1091
579,1704
579,1705
579,507
579,1366
579,1706
579,1680
579,1053
579,161
579,1034
579,1094
579,1095
579,1707
579,1708
10858,1099
10858,1709
10858,1710
10858,822
10858,684
10858,890
11969,1711
11969,1712
11969,91
11969,890
10684,517
10684,730
10684,518
10684,866
10684,276
10684,989
10684,990
10684,1713
8840,461
8840,871
8840,1714
8840,1670
8840,711
8840,1715
8840,292
8840,495
8840,177
8840,214
8840,1716
8840,716
8840,873
8840,1717
627,1491
627,1231
627,681
627,37
627,1718
627,299
627,235
627,1719
627,1720
627,1721
627,1722
627,1073
627,4
627,1723
627,545
627,1724
627,1725
627,724
627,1726
627,1727
627,1728
627,1729
627,1730
627,1731
2925,538
2925,1732
2925,1733
284,403
284,26
284,727
284,1734
284,481
284,720
284,1735
284,1736
284,313
284,952
284,836
284,1737
284,1738
284,1739
239,260
239,357
239,878
239,41
239,1740
239,1741
239,1742
239,1743
239,1744
239,1745
239,1746
239,1747
289,1748
289,318
289,1565
289,624
289,1749
289,1750
289,1751
289,1752
289,1753
289,1387
289,435
289,618
289,1754
289,1755
11113,462
11113,1756
11113,1757
11113,1758
11113,1759
11113,1760
11113,1372
11113,1761
11113,1762
11113,1763
11113,1764
11113,1765
11113,1193
11113,1766
11113,1767
11113,1417
1585,312
1585,1768
1585,37
1585,374
1585,481
1585,1023
1585,316
1585,1769
1585,650
1585,1770
1585,1771
1585,317
261,238
261,402
261,582
261,1391
261,1241
261,1772
261,1
261,525
261,507
261,929
11302,682
11302,1773
11302,228
702,582
702,71
702,1264
702,1774
702,1775
702,883
702,1776
702,1777
702,1778
702,1779
702,1780
702,1781
947,769
947,1782
947,287
947,1783
947,1784
947,1785
947,1786
947,1787
947,1788
947,618
947,1307
947,467
947,1789
703,263
703,1790
703,1791
703,1792
703,127
703,1793
703,436
703,1794
703,1795
703,1796
5925,37
5925,1797
5925,1798
5925,1211
5925,708
5925,1799
5925,838
5925,626
5925,916
5925,1800
5925,435
5925,1801
5925,1802
5925,1803
5925,490
5925,159
5925,1804
5925,391
5925,782
5925,1805
5925,1806
5925,1807
5925,1808
5925,630
11778,336
11778,950
11778,339
11778,411
11778,391
11778,1809
11778,1810
11778,1811
783,1812
783,1813
783,1814
783,626
783,1815
783,1816
783,1817
783,1818
783,1819
783,796
783,1820
783,1821
783,1822
783,1785
783,1823
783,1824
783,1825
783,1826
783,1786
783,1827
783,1828
783,1829
783,1830
783,490
783,1831
783,1832
783,1833
783,1834
783,1835
7863,1836
7863,1837
7863,1838
7863,1614
7863,1839
7863,1840
7863,1841
468,238
468,1334
468,449
468,1842
468,719
468,773
468,1843
468,451
468,1844
468,1845
468,1846
468,1847
468,1848
468,1849
468,1850
468,1851
468,1852
468,1853
468,1336
468,1111
9444,1854
9444,462
9444,1855
9444,1856
9444,1857
9444,1858
11517,102
11517,1348
11517,823
11517,1859
11517,1860
9312,1861
9312,1550
9312,421
9312,712
9312,1862
9312,1863
9312,49
9312,1601
9312,1330
10530,482
10530,795
10530,1864
10530,796
10530,462
10530,1865
10530,464
10530,1866
10530,491
10530,466
10530,1867
10530,1373
10530,1868
10530,1869
10530,1870
10530,1871
10530,1872
10530,1873
10530,1874
10530,1875
10530,1876
10530,1877
10530,1878
10530,1879
10530,469
10530,1880
10530,1881
12158,109
12158,1882
9208,639
9208,289
9208,611
9208,996
9208,135
9208,827
9208,730
9208,646
9208,1883
9208,1884
9208,388
9208,140
9208,1885
9208,114
9208,1886
9208,1307
9208,200
9208,1887
9208,1888
9208,1889
9208,1440
9208,1890
11780,1666
11780,822
11780,882
11780,1891
11780,1892
1572,1492
1572,239
1572,173
1572,719
1572,132
1572,639
1572,1893
1572,1348
1572,617
1572,646
1572,541
1572,1053
1572,1302
1572,216
1572,823
1572,114
1572,49
1572,143
1572,499
1572,1894
1572,220
1572,1895
1572,1896
1572,151
1572,1897
9348,1898
9348,415
9348,884
9348,445
9348,1899
9348,1900
9348,797
9348,389
9348,1901
9348,1902
9348,31
9348,1903
9348,1504
9348,1904
9348,1905
9804,609
9804,1906
9804,1907
9804,1908
9804,444
9804,1909
1024,1910
1024,681
1024,234
1024,1044
1024,912
1024,107
1024,1911
1024,1912
1024,127
1024,5
1024,39
1024,128
1024,563
1024,1913
1024,1914
628,747
628,522
628,109
628,586
628,1915
628,1916
628,1917
12106,207
12106,214
12106,1918
12106,216
12106,1919
25066,70
25066,1022
25066,1240
25066,53
25066,262
25066,1920
25066,1921
25066,39
25066,1922
25066,1283
25066,1414
9331,659
9331,1565
9331,209
9331,1460
9331,639
9331,37
9331,1099
9331,1923
9331,380
9331,1282
9331,821
9331,1924
9331,1125
9331,1496
9331,1925
9331,1926
9331,1927
9331,618
9331,1928
9331,1929
9331,1327
9331,216
9331,1930
9331,49
9331,1196
9331,1931
1637,1492
1637,134
1637,1932
1637,1933
1637,1299
1637,1934
10395,1391
10395,1935
10395,1916
10395,1936
12160,207
12160,35
12160,105
12160,1082
12160,1937
12160,1712
12160,890
12160,1938
9350,1939
9350,734
9350,1940
9350,1941
9350,1942
9350,647
9350,42
9350,927
9350,1943
9350,1944
713,1748
713,1666
713,1910
713,1391
713,1945
713,1
713,482
713,918
713,106
713,1946
713,73
713,883
713,1947
713,1948
713,1949
713,1950
713,795
713,1472
713,1951
713,1952
713,738
713,33
2088,55
2088,1953
2088,541
2088,897
2088,496
2088,1455
2088,1954
576,1955
576,719
576,443
576,1512
576,1956
576,4
576,1957
576,695
576,216
576,715
576,1958
576,1959
9566,265
9566,1960
9566,1961
9566,1962
9566,1963
9566,1964
9566,1965
9566,1106
9566,1966
9566,1967
10545,747
10545,37
10545,799
10545,1044
10545,1968
10545,1668
10545,375
10545,1969
10545,1970
10545,462
10545,1971
10545,1972
10545,1170
10545,1973
10545,1974
10545,1975
10545,1976
10545,1977
10545,1978
9268,402
9268,209
9268,104
9268,643
9268,691
9268,223
9268,212
9268,357
9268,137
9268,1141
9268,1302
9268,388
9268,1979
9268,1327
9268,394
9268,140
9268,1885
9268,114
9268,49
9268,1057
9268,1980
9268,664
9268,1981
9268,1982
9268,1983
3078,36
3078,1984
3078,1985
223,1986
223,37
223,1734
223,234
223,1044
223,358
223,1987
223,127
223,496
223,1988
223,1989
223,438
223,816
223,1990
223,1991
223,1755
223,1992
4174,660
4174,1993
4174,496
10331,1645
10331,1994
10331,1566
10331,1995
10331,450
10331,1996
10331,1997
10331,1998
10331,1999
10331,1035
10331,2000
11306,403
11306,386
11306,2001
11306,496
11306,1337
11306,1317
11306,2002
11306,395
11306,296
11306,2003
11306,2004
8367,2005
8367,2006
8367,2007
8367,2008
8367,2009
819,1022
819,2010
819,2011
819,2012
819,895
819,2013
819,81
819,2014
819,92
819,2015
819,460
11386,2016
11386,1334
11386,643
11386,354
11386,1118
11386,2017
11386,1548
11386,2018
11386,715
11386,2019
790,1677
790,740
790,2020
790,1893
790,1023
790,829
790,1668
790,263
790,2021
790,2022
790,617
790,2023
790,856
1103,239
1103,995
1103,1099
1103,2024
1103,643
1103,644
1103,2025
1103,1537
1103,2026
1103,444
1103,55
1103,1802
1103,446
1103,2027
11298,1993
11298,1936
11298,2028
311,580
311,318
311,995
311,71
311,2010
311,727
311,2011
311,1604
311,2029
9665,618
9665,2030
9665,716
9665,2031
9665,2032
9665,2033
235,37
235,4
235,2034
235,2035
235,2036
235,2037
235,2038
235,2039
235,2040
235,460
235,1345
235,2041
288,207
288,104
288,646
288,2042
288,394
288,716
288,2043
288,2044
288,2045
288,2046
288,665
16633,970
16633,2047
16633,1378
6217,470
6217,2048
6217,2049
6217,2050
6217,1853
6217,2051
6217,2052
6217,2053
10357,1348
10357,1428
10357,1429
10357,1433
10357,31
3597,234
3597,539
3597,2054
3597,541
3597,1545
3597,1465
3597,5
3597,214
3597,39
3597,2055
3597,1033
3597,1034
3597,2056
2320,1492
2320,1296
2320,643
2320,734
2320,1940
2320,2057
2320,2058
2320,1302
2320,161
2320,2059
2320,163
2320,216
2320,1056
2320,114
2320,49
2320,2060
2320,2061
2320,2062
2320,2063
2320,220
2320,1330
2320,2064
4824,380
4824,888
4824,212
978,2065
978,768
978,625
978,2066
978,2067
978,626
978,916
978,2068
978,2069
978,2070
978,2071
978,2072
978,363
2666,2073
2666,1030
2666,654
2666,683
2666,444
2666,2074
2666,2075
2666,2076
2666,2077
2666,447
2666,2078
2666,448
2666,2079
9087,1097
9087,1099
9087,428
9087,2080
9087,2081
524,2082
524,2083
524,818
524,2084
524,452
11062,318
11062,385
11062,2085
11062,1426
11062,299
11062,1709
11062,2086
11062,408
11062,541
11062,50
9587,1772
9587,2087
9587,2088
9587,2089
9587,2090
9587,2091
9587,2092
9587,2093
9587,33
872,2094
872,2095
872,462
872,2096
872,177
872,1584
872,2097
872,2098
872,2099
872,2100
872,2101
872,2102
1412,103
1412,681
1412,1945
1412,2103
1412,1555
1412,1020
1412,2104
1412,2105
1412,2106
1412,2107
1412,2108
577,1391
577,952
577,1044
577,1109
577,2109
577,2110
9089,2111
9089,1347
9089,2112
9089,2113
9089,2114
9089,33
9623,800
9623,539
9623,81
9623,2115
9623,1243
9623,809
6520,2116
6520,1716
6520,2117
6520,2118
6520,2119
2293,681
2293,2120
2293,2121
2293,2122
2293,2123
2293,2124
2293,2125
2293,2126
2293,2127
2293,2128
2293,229
9800,1334
9800,2129
9800,1335
9800,800
9800,92
9800,177
9800,2130
9800,382
9800,2131
9800,2132
9800,2133
10445,427
10445,2134
10445,1531
10445,2135
10445,1381
10445,2136
114,543
114,2137
114,2138
114,2139
114,968
114,1290
114,2140
114,4
114,31
114,2141
3595,957
3595,583
3595,2142
3595,380
3595,2143
3595,496
3595,499
3595,182
1770,581
1770,2144
1770,1709
1770,2145
1770,2146
1770,2147
10003,2148
10003,193
10003,2149
10003,2150
10003,2151
11831,10
11831,192
11831,2152
11831,84
11831,890
11831,2153
11831,2154
11831,2155
714,1491
714,2005
714,1565
714,2156
714,2157
714,1208
714,1109
714,194
714,2158
714,15
714,18
714,2159
714,2160
714,1444
714,1807
714,1280
714,2161
11702,2162
11702,2156
11702,2163
11702,1923
11702,2164
11702,299
11702,212
11702,361
11702,2165
11702,214
11702,389
11702,392
11702,648
11702,857
11702,144
11702,2166
11702,2167
11702,2168
11702,2169
11702,2170
9614,2171
9614,450
9614,1249
9614,265
9614,2172
11066,748
11066,2173
11066,2174
11066,2175
11066,2176
11066,2177
11066,2178
8839,333
8839,4
8839,1032
8839,1606
8839,5
8839,2179
8839,1416
8839,979
8839,2180
8839,2181
8839,2182
8839,2183
10329,1177
10329,2184
10329,2185
10329,2186
9344,1544
9344,2187
11980,1768
11980,2188
11980,2189
63020,2190
63020,128
63020,33
63020,1332
63020,2191
11382,1248
11382,877
11382,897
11382,1381
34152,1658
34152,818
34152,2192
34152,2193
34152,328
34152,128
34152,661
34152,2194
34152,2195
8831,1861
8831,970
8831,2196
8831,2197
9516,1658
9516,299
9516,262
9516,1519
9516,2198
9516,31
8291,728
8291,504
8291,31
8291,1111
8850,403
8850,999
8850,2173
8850,2199
8850,178
8850,1539
8850,2200
8850,2201
8850,2202
61752,128
61752,1086
61752,2203
61752,2204
61752,2205
2300,265
2300,266
2300,395
2300,2206
2300,2207
2300,2208
2300,2209
2300,2210
2300,2211
2300,2212
2300,2213
2300,2214
2300,2215
2300,2216
40001,2217
40001,1403
40001,2218
9826,12
9826,1893
9826,2026
9826,2219
9826,2220
9826,2221
9826,198
9826,2222
9826,1539
9826,713
9826,2223
9826,2224
11228,239
11228,1119
11228,639
11228,289
11228,709
11228,1462
11228,157
11228,2225
11228,162
11228,163
11228,823
11228,114
11228,2226
11228,1027
11228,1035
11228,2227
11228,2228
11228,317
11228,2229
11228,151
18550,2230
18550,2086
18550,41
18550,2231
18550,392
18550,2232
10061,70
10061,1099
10061,2233
10061,444
10061,1802
10061,31
10061,2027
3587,2234
3587,461
3587,2235
3587,2236
10987,819
10987,107
10987,333
10987,1802
10987,2237
10987,494
10987,2238
10987,39
10987,391
10987,1033
10987,395
10987,2239
10987,816
10987,2240
10987,2241
10987,2242
10987,2243
10987,2244
9625,1538
9625,2245
9625,1052
9625,2246
9625,2247
11229,70
11229,1802
11229,2248
11229,128
11229,2249
9591,1524
9591,462
9591,2250
9591,575
9591,859
2119,2251
2119,2252
2119,138
24913,421
24913,411
24913,39
24913,2253
24913,1033
24913,2254
24913,2255
24913,2256
24913,2257
24913,2258
9279,312
9279,313
9279,314
9279,2
9279,1613
9279,317
9279,2259
9279,2260
17795,1097
17795,1099
17795,2261
17795,2179
17795,2262
17795,2263
27322,681
27322,2264
27322,128
27322,2265
9416,70
9416,2266
9416,2025
9416,2267
9416,2107
9416,2268
6623,639
6623,640
6623,195
6623,669
6623,390
6623,1885
6623,33
29461,1265
29461,341
29461,2269
45153,1264
45153,2270
45153,2271
45153,128
45153,1626
45153,2087
45153,2272
45153,536
45153,2273
45153,2274
45153,33
9823,1861
9823,2275
9823,1863
9823,716
9823,2276
9823,1601
9823,1330
9574,351
9574,405
9574,2277
9574,376
9574,891
9574,972
9574,363
4233,2278
4233,2279
4233,1033
10217,2280
10217,2281
10217,711
10217,2282
10217,128
10217,382
10217,2283
10217,2284
9922,2162
9922,2285
9922,2286
9922,292
9922,815
9746,2065
9746,2156
9746,2066
9746,2067
9746,2069
9746,2070
9746,2072
9746,2287
9490,2288
9490,409
9490,2289
9490,50
9490,33
617,349
617,502
617,2290
617,71
617,2011
617,154
617,106
617,539
617,2291
617,2292
617,81
617,2293
617,1704
617,2294
617,1350
617,1121
617,2295
617,2296
617,2297
617,2298
617,2299
617,1122
617,2300
617,616
617,2301
617,406
617,92
617,1657
617,182
617,1739
617,1138
9440,1097
9440,1099
9440,1709
9440,2302
9440,2303
9440,1739
2157,970
2157,1057
2157,2304
8838,1461
8838,483
8838,2305
8838,380
8838,2306
8838,2261
8838,3
8838,2307
8838,499
8838,2308
795,402
795,1768
795,580
795,2309
795,1651
795,2310
795,2311
795,1606
795,31
795,2312
10534,2313
10534,2314
10534,1704
10534,162
10534,2034
10534,2315
10534,2316
10534,2317
10534,2318
10534,2319
10534,2320
10534,2321
10534,2322
10534,2323
10534,718
9100,27
9100,481
9100,1544
9100,461
9100,2324
9100,2325
9100,2326
9100,1034
9100,1633
9100,2327
9100,2328
9100,2329
9100,2330
9100,2331
38223,1565
38223,234
38223,1591
38223,2332
38223,2333
38223,33
12123,380
12123,2334
12123,2335
12123,2336
12123,1327
12123,229
9306,1550
9306,998
9306,421
9306,1000
9306,445
9306,2337
9306,387
9306,2338
21612,402
21612,2339
21612,1830
21612,1769
21612,2340
21612,39
21612,41
21612,842
21612,823
21612,49
21612,1310
21612,2341
21612,638
15765,2342
15765,2343
15765,2344
15765,2345
15765,2346
15765,2347
11858,336
11858,2348
11858,2349
11858,2350
11858,2351
11858,715
11858,2352
11858,33
11858,2353
11359,2354
11359,2355
11359,1613
11359,2077
11359,9
76,2356
76,2357
76,2358
76,2359
76,2360
76,625
76,2361
76,2362
76,2363
76,2364
76,2365
9571,818
9571,1512
9571,1545
9571,465
9571,2034
9571,521
9571,1034
9571,1227
9571,2366
47889,128
17182,71
17182,1566
17182,2367
17182,2368
10861,2369
10861,507
10861,2370
10861,2371
34314,2372
34314,734
34314,216
34314,2373
34314,317
34314,2374
24662,1968
24662,462
24662,2375
24662,65
24662,2376
24662,46
24662,1408
24662,2377
24662,2378
34941,128
549,403
549,681
549,2083
549,2379
549,428
549,1718
549,2084
549,2380
549,2381
549,2382
549,2383
549,4
549,128
549,50
549,2384
9360,2385
9360,713
9360,2386
9360,2387
9360,2388
9360,2389
9360,2390
9360,1096
1701,70
1701,209
1701,639
1701,134
1701,1995
1701,385
1701,135
1701,1818
1701,1940
1701,391
1701,216
1701,394
1701,1110
1701,114
1701,141
1701,49
1701,2391
1701,1307
1701,2392
1701,2393
1701,2394
27845,2395
27845,1233
27845,128
27845,2396
864,952
864,2397
864,2398
864,2399
864,732
864,2400
864,2401
864,265
10871,2402
10871,57
10871,1885
9304,1139
9304,2369
9304,1498
9304,2403
9304,2404
11363,102
11363,239
11363,2405
11363,354
11363,358
11363,2406
11363,128
11363,363
23570,128
23570,1403
18975,555
18975,449
18975,1610
18975,127
18975,2407
18975,48
18975,2408
18975,2409
18975,2041
13685,102
13685,719
13685,454
13685,486
13685,840
13685,128
13685,2410
13685,1409
13685,96
13685,2411
13685,978
13685,2412
1639,2413
1639,2414
1639,225
1639,163
1639,2186
1639,2415
28121,214
28121,2265
28121,2416
2074,2417
2074,2418
2074,2419
2074,128
42807,108
42807,2420
42807,2421
9067,2422
9067,444
9067,2423
9067,1307
9067,2424
9067,33
47502,2425
47502,832
47502,2426
47502,2427
47502,220
22649,555
22649,2428
22649,2429
22649,731
22649,113
22649,391
22649,1317
22649,129
22649,2430
22649,2431
22649,2432
22649,2433
22649,2434
37165,1800
37165,2435
37165,444
37165,2436
37165,2437
37165,2438
49471,600
49471,1932
49471,2439
10537,337
10537,910
10537,681
10537,2440
10537,107
10537,1073
10537,1472
10537,734
10537,462
10537,2441
10537,2442
10537,2443
10537,2417
10537,822
10537,1233
10537,2444
10537,138
10537,1793
10537,50
10537,859
10537,220
10537,2445
31908,1461
31908,327
31908,1243
31908,2446
31908,2447
10428,1553
10428,2230
10428,107
10428,13
10428,656
10428,225
10428,2448
10428,2449
10428,2450
10428,446
10428,1034
10428,823
10428,1280
10428,2451
10428,2452
11015,260
11015,37
11015,1550
11015,1482
11015,2453
11015,879
11015,2454
11015,2455
11015,2456
11015,2457
26352,380
26352,2458
26352,49
26352,50
26352,331
26352,2459
26306,2460
26306,2398
26306,265
26306,2461
3080,1011
3080,1968
3080,462
3080,2462
3080,2463
3080,2464
3080,1403
3080,2465
3080,2466
3080,2467
11863,2468
11863,522
11863,408
11863,39
6071,32
9271,440
9271,270
9271,2469
9271,2470
9271,656
9271,2471
9271,2472
9271,2473
9691,2474
9691,659
9691,1460
9691,374
9691,2475
9691,135
9691,1848
9691,212
9691,1125
9691,2435
9691,6
9691,161
9691,216
9691,1143
9691,2476
9691,2166
9691,2477
9691,2320
9691,2478
10634,2479
10634,1590
10634,2480
10634,38
3512,640
3512,2481
3512,17
3512,1446
3512,1885
31535,405
31535,530
31535,2302
1408,414
1408,773
1408,1259
1408,617
1408,2482
1408,2483
49963,128
49963,33
5550,442
5550,444
5550,541
5550,1053
5550,446
5550,2484
5550,2485
9400,1379
9400,108
9400,2486
9400,31
16052,462
16052,2487
16052,2488
16052,2489
16052,2490
17834,461
17834,1294
17834,2491
17834,2492
10890,2493
10890,2405
10890,518
10890,519
2636,2494
2636,214
2636,2495
8069,2448
8069,2496
8069,2497
8069,2498
8069,2499
11667,2500
11667,1861
11667,643
11667,1688
11667,1237
11667,2501
11667,2502
11667,1601
10215,1071
10215,2348
10215,1911
10215,2503
10215,2504
10215,970
10215,2505
10215,306
10215,2197
9821,2506
9821,2034
9821,2507
9821,2508
9821,2509
9821,2510
10533,37
10533,2511
10533,2512
10533,2513
10533,1227
10533,1739
9313,2514
9313,1667
9313,1592
9313,2515
47686,128
17127,2516
17127,127
17127,2136
17127,2517
9281,318
9281,132
9281,53
9281,2518
9281,496
9281,2519
9281,1642
87729,2514
87729,682
87729,822
87729,2520
87729,2521
49478,2522
49478,2523
49478,2524
49478,2525
13982,210
13982,1300
13982,39
13982,2526
807,2527
807,132
807,642
807,299
807,2528
807,2529
807,89
807,2530
807,2531
807,2532
807,408
807,2533
807,541
807,57
